00001d0e
00005380
ffffef92
0000188f
00004a40
ffffd4e3
ffffaaf7
ffffef37
0000052f
000046fd
000004b9
00000d1b
ffffdf9e
fffff9ca
fffffcf3
ffff703a
00002a44
00000f8c
fffff8cc
00001910
00005447
000040f7
000020be
fffff1f1
00003ccc
ffffded5
00001c24
000012d0
00001729
00001922
00001c70
fffff140
ffffa84e
ffffc84e
ffff9ec5
00004303
00000356
0000077b
00000bd0
fffff1c9
000051a9
ffffa410
00001dd7
00001097
00000fdd
00001c88
0000333a
000017b9
00006476
ffffa432
000080eb
ffff8d3a
0000212e
0000100a
00001ca4
00001dde
00001041
fffff21a
ffffaa72
ffffbcb8
ffff8a9c
00004998
00000858
00000e62
00001638
fffff286
000060c8
ffffa4cd
00001d71
00000ab2
000011c1
00001dfb
00002f59
000012c6
00007113
ffff9b18
000093ed
ffff8056
00001acd
000008a9
00001dec
00002047
0000192f
ffffef1c
ffffa6d8
ffffbb30
ffff7f74
000044f4
00000828
00000595
00000cd9
ffffe9fb
000066f4
ffffa192
00001c53
00000b79
00001da7
00001d7c
000031c4
00000bcf
0000792e
ffff8d75
00009f5a
ffff7ced
000011a3
fffffde1
00002457
00000fdc
00001935
fffff26c
ffffafd9
ffffbb4e
ffff76cd
00003772
0000095b
00000629
000010b3
ffffecbb
00006b75
ffffb2ae
000017f0
00000d18
00001e83
00001d8b
00002d18
ffffff95
0000828d
ffff859d
00009e36
ffff7bf7
000013de
00000368
00001f8e
0000055f
000007d5
fffff45e
ffffbab6
ffffbdad
ffff7e4a
00003302
00000bd6
0000100b
00001b11
fffff0b5
000061c7
ffffbc5a
00001a26
00000a39
00000e18
00001752
000027e6
000004a1
000074e2
ffff93a2
00008c64
ffff8427
00001044
000008e4
00001bd5
00000b87
00000db0
fffff389
ffffb414
ffffc2a2
ffff8cdf
00003172
00000ab4
00000cdf
00001527
ffffebb7
000053ab
ffffb4e1
00001bd4
00000d03
00001044
000014cc
00002528
00000c9a
00006666
ffff9c2d
00008003
ffff8f41
00000f32
00000a27
00001d5a
00000cee
000012b8
fffff50c
ffffb06c
ffffc566
ffff8fae
000030e0
00000a63
00000b47
00001488
ffffebe8
00005397
ffffb33e
00001c12
00000f48
00001228
000014ed
000023a0
00000e94
000065a5
ffff9b29
00007c1d
ffff9086
00001082
00000d06
00001bdc
00000e26
00001149
fffff504
ffffae48
ffffc3a6
ffff8fa5
0000352d
00000b95
00000cbb
00001583
ffffed70
000054f2
ffffb019
00001d5d
00000f2e
00001171
000014e6
000022a6
000010c3
0000644f
ffff9b66
00007c27
ffff8f76
00000f97
00000e17
00001d40
00001312
000013aa
fffff43d
ffffa767
ffffc116
ffff8f81
000038ae
00000c29
00000ce9
0000148c
ffffeba3
00005504
ffffaae2
00001d9a
00000e9e
00001739
0000169a
00001f84
000011cf
000063ed
ffff9991
00007f15
ffff8e2e
00000fb2
00000bc1
00001e98
000016ac
00001316
fffff277
ffffa35d
ffffc062
ffff8a36
000037d6
00000d6c
00000c68
00001396
ffffe8a6
00005962
ffffaa07
00001dad
00000db7
00001d06
000015ea
00001da0
00000fcc
0000671e
ffff93ad
00008349
ffff8abc
00000da0
00000a08
0000202a
00001471
00001504
fffff226
ffffa49f
ffffc223
ffff8501
000033ed
00000d17
00000c0f
0000129f
ffffe83c
00005e3d
ffffac1f
00001da1
00000eed
00001f18
0000165a
00001d38
00000d57
00006b45
ffff8e03
000083cd
ffff896e
00000ebd
00000966
00001de6
00001435
00000f2f
fffff34a
ffffa5a8
ffffc08b
ffff839e
00003518
00000d77
00000c07
0000151a
ffffe89c
00005f02
ffffaedd
00001e69
00000fbf
00001bc0
00001398
00001c61
00000e52
000068c0
ffff8eb7
000082bd
ffff8792
000009d0
000008b4
00001fa9
000012a9
00001652
fffff313
ffffa543
ffffc1b8
ffff84d6
00003211
00000d93
000009ea
000011ad
ffffe8a5
00005d2b
ffffaeed
00001dff
00001163
0000206b
000014c5
00001ab1
00000ccd
00006a05
ffff8d4e
000081a0
ffff8b5c
00000b41
00000864
00001e64
0000104d
00000e69
fffff48d
ffffa7e7
ffffc054
ffff84f5
000031ce
00000d87
00000be6
00001581
ffffe8da
00005b70
ffffb28a
00001e30
00001080
00001aec
00001313
0000192e
00000de5
0000668b
ffff90a2
00007f28
ffff8a97
00000c83
000008c9
00001feb
0000140f
0000105e
fffff5b9
ffffa411
ffffc113
ffff8926
00003216
00000d80
0000096c
00001459
ffffe747
0000570d
ffffb041
00001d31
00001044
00001bcd
00001359
000018e8
00000ff6
000064e0
ffff93a2
00007f0e
ffff8ba7
00000d10
00000949
00002135
00001120
00001546
fffff4e9
ffffa588
ffffc3dd
ffff886c
00002faa
00000e46
00000995
0000124c
ffffe8ad
000059b9
ffffb06d
00001c92
00001056
00001c65
00001444
00001b95
00000e3b
00006a29
ffff9101
00007ed8
ffff8c1d
00000fbc
00000b74
00001dea
00000f73
00000f5e
fffff3f5
ffffa870
ffffc3c4
ffff88d1
0000323f
00000d6c
00000dbc
00001560
ffffeab2
00005b17
ffffb12c
00001e01
00000f85
00001770
000013bb
00001cc8
00000f9f
00006760
ffff9342
00007c4a
ffff8b3d
00000c11
00000c53
00001ce0
00001232
000013d4
fffff2e1
ffffa6bb
ffffc350
ffff8a32
000033d8
00000c97
00000c87
0000126b
ffffe9af
00005966
ffffad33
00001f1d
000010c7
00001bad
000014de
00001be1
00001079
000064ed
ffff92c5
00007c63
ffff8e19
00000ac8
00000a4c
00001ccb
0000142e
00001163
fffff325
ffffa570
ffffc110
ffff87ee
000034d9
00000c02
00000c3d
00001410
ffffe7cc
00005a12
ffffae07
00001f52
000010c0
00001d7c
0000141c
000019cc
00000fc4
00006376
ffff9173
00007e0f
ffff8c7a
00000bc1
0000095c
00001e6f
000017cd
00001107
fffff414
ffffa2ea
ffffbfd6
ffff87c8
00003590
00000be6
00000ab5
000014e8
ffffe640
00005a16
ffffad38
00001ea1
000010c2
00001edb
000013b9
000018b9
00001047
000063e1
ffff9175
0000808e
ffff8ac6
00000ba3
000009f2
00001f73
000016c1
00001542
fffff3e5
ffffa30d
ffffc0c6
ffff8641
000034dd
00000c69
00000a8a
000012e9
ffffe7e3
00005cec
ffffac29
00001dda
000011d0
0000203d
00001517
000019ed
00000f67
0000683d
ffff8e9b
000081d8
ffff8a65
00000c37
00000a00
00001d8f
000014bf
000011a7
fffff2d2
ffffa472
ffffc002
ffff83fd
00003527
00000c4b
00000c6c
000013b4
ffffe887
00005e7c
ffffadac
00001e0d
00001133
00001f0c
0000148a
0000198b
00000eb0
00006801
ffff8e1e
000081b8
ffff8978
00000b80
000008d4
00001e41
00001651
00001146
fffff2fc
ffffa307
ffffbf06
ffff84fe
000033d3
00000b19
00000b72
00001321
ffffe669
00005c3e
ffffae31
00001cde
000011be
0000206f
00001447
000017d2
00000ef2
000066f7
ffff8f1f
0000822b
ffff8989
00000ed8
00000923
00001f0f
00001773
00000fb9
fffff44f
ffffa30a
ffffc018
ffff85d5
00003408
000009ed
00000b90
000013b7
ffffe74a
00005c5f
ffffae40
00001bcd
000011bf
00001e4b
00001559
0000184b
00001089
00006801
ffff90ac
00008237
ffff884b
000016cd
00000b7c
00001ea7
00001cc1
00000be2
fffff542
ffffa041
ffffbf6a
ffff8644
0000381e
00000b0d
00000bdf
00001479
ffffe7e3
00005e14
ffffa9f2
00001aa0
000010f2
00001ad6
00001579
00001ac7
000013a4
00006a0a
ffff92c2
000085c5
ffff8418
00001ec5
00000efb
0000204d
00002345
000010c3
fffff48e
ffff9b31
ffffc131
ffff8496
00003c0b
00000d28
00000bb7
0000125c
ffffe921
00006596
ffffa244
000019a2
000010ef
00001c44
000016d3
00001fe2
00001573
0000729e
ffff8e7f
00008b78
ffff7eda
0000214b
00001073
00001f3b
00002246
0000148f
fffff159
ffff9b93
ffffc28e
ffff7bb9
00003dce
00001088
00000c8c
00000ebe
ffffecdb
0000728a
ffff9dea
00001ad2
00001168
00001ea7
00001815
00002501
00001251
00007d31
ffff8446
000091d5
ffff79ba
000020ce
00000d99
00001e65
000021b7
00001180
fffff12b
ffff9cae
ffffc0d8
ffff731a
00003ea7
0000123d
00000bb6
00000fc3
ffffec01
00007942
ffff9f76
00001c83
000010d2
00001f07
0000168b
00002669
00000f90
00008006
ffff7d85
0000963e
ffff7503
000020aa
00000bf2
00001f68
000025d4
0000111b
fffff09c
ffff99b9
ffffbfdc
ffff733b
0000426f
0000115a
00000b1c
0000137c
ffffea6c
00007a79
ffffa0df
00001f0e
00000f8e
000021a1
0000157a
00002691
00000f1f
00007dc1
ffff7ca9
00009791
ffff727d
00000f24
000005d3
000020f1
000018ae
000019d7
ffffeb48
ffff9c89
ffffbce6
ffff66d1
00002f2c
00001d22
0000073d
000008b9
ffffecdb
00007e15
ffffaa6d
0000198c
000016c6
00003017
00000f8c
00001c96
ffffffc6
000089c6
ffff6fd1
00009bb9
ffff788b
ffffc69e
ffffbfda
00003541
ffffb497
00003fd8
fffff768
ffffd72b
ffffcadc
ffff332a
ffffb1b8
00002851
ffffc616
ffffd242
ffffd6cd
00006a73
ffffff63
fffff777
000027b0
00003b59
fffff97e
00001985
ffffbbc2
0000bcda
ffff4549
0000a20b
ffff96b7
00001ea4
00002c45
ffffc528
ffffde86
0000265c
fffffff5
ffffdd85
000007b9
00005815
00005816
ffffff93
fffffecd
ffffde68
00000558
ffffc2e3
ffff61a2
00001403
000007e6
ffffecbd
00001655
0000230a
00004e38
ffff968e
00001205
fffffdee
000032d1
000014c8
ffffc3a5
fffff068
000015ae
00001376
000008c5
00000825
00000638
00002473
000041f9
fffffdf2
00000383
00000a05
00000a93
ffffdb09
ffffdbfe
00000f21
fffffd96
ffffefbc
00000e41
ffffd050
00001641
ffffbdca
ffffe15a
00002192
00001157
000013b9
ffffb90c
fffff7d9
00001b33
00000bd9
00000887
00000f14
fffffeab
0000169d
0000461b
000009f3
00000af1
00001aa6
00001034
ffffe1a2
ffffe59f
000010a6
fffff742
ffffeefd
0000077d
ffffc477
000010c5
ffffc2ae
ffffd8a8
00002f0f
00000ed6
00001077
ffffb00a
fffff6c4
00002748
00000990
00000561
00000c08
0000025c
00000d03
00003d2a
00000946
00000384
000011c3
00000c81
ffffe0f3
ffffe6c0
00000e45
fffff584
fffff822
000003d1
ffffbb86
0000061b
ffffc416
ffffd180
00003c31
0000116b
00000ae7
ffffa092
000003f0
000027e2
000010cb
000005a4
00000dd1
000002e8
fffffe9b
00002959
00000eac
fffffb63
000010fa
00000a05
ffffe4a4
0000009f
000008af
fffff8b9
fffffa59
ffffff5f
ffffb75e
fffff580
ffffdb3c
ffffc755
000047e3
00000845
0000175f
ffffab2d
00000af1
00000fa5
00000986
00000c59
00001537
00000696
fffffeaf
000021d6
000015db
00000614
00001daa
00001433
ffffecb4
00000810
000005a7
fffff6b5
ffffe597
fffffe9d
ffffc0f4
fffffc83
ffffeb14
ffffcbf2
000038d9
0000020e
00001c31
ffffbdfc
fffffed1
00000321
00000576
00000aee
0000175a
00000a9c
000007d7
00001ffe
0000189e
00000f59
000014dc
0000166d
ffffe8d0
fffff613
00000447
fffff739
ffffde06
00000088
ffffc498
0000048b
ffffe453
ffffd4d1
0000282e
00000ced
00001542
ffffbfb8
fffffcf4
000000d8
00000cc3
00000b02
00001252
00000f3c
00000e39
00001875
00001902
00000f25
0000100e
00000e14
ffffe365
fffff118
00000329
fffffa4b
ffffe245
fffffd5c
ffffbf57
000007b9
ffffdbb4
ffffd1c7
00001967
00001434
0000177e
ffffbe15
fffffd03
000003a0
000007fe
00000ce6
00000b24
00001191
000016d7
00001d82
000012b6
00000cb3
00001733
00000aaa
ffffde33
fffff2f7
00000610
fffff835
ffffe103
fffffadf
ffffbe3b
00000da6
ffffcc72
ffffd61a
00001183
000012a1
000019bb
ffffbd2b
fffffcf5
00000d5b
00000cc3
00000951
00000695
000010dc
00001eda
00002979
00000c8c
0000072a
00001537
00000def
ffffd8fd
fffff125
00000b77
fffff589
ffffe78a
ffffff81
ffffc011
00000ec1
ffffc571
ffffdc1a
00001807
0000134c
00001c70
ffffbb1a
fffffc48
00001444
00000a02
00000654
000009cd
00000c9b
000018da
00002edf
00000cd1
0000085c
00001316
0000142c
ffffdcd7
fffff1d5
00000c9d
fffff3a1
ffffeb80
000003ba
ffffbc38
000009a0
ffffcbe6
ffffdbc8
00002494
000011b1
00001b05
ffffb6c9
fffffd71
000014f5
00000b25
00000694
00000e67
00000915
00000e99
00002738
00001141
0000062d
00000df4
0000122f
ffffe264
fffff4aa
000008b4
fffff6ac
ffffed93
00000138
ffffb87b
00000448
ffffd751
ffffd3e2
00002b53
00000f5a
000020e3
ffffb6b2
fffffe8b
00001326
000006a5
00000aa2
00000fd5
00000da8
00000e76
00002552
00001053
00000918
000012d8
0000138a
ffffe6c1
fffff7e5
0000076a
fffff6e5
ffffe71c
0000006d
ffffb80d
000006e1
ffffd8af
ffffd2b2
000024f8
00000c5a
00001c8b
ffffb5d7
fffffc5d
00001140
00000c44
00000765
00000faa
00000e7c
00000cc6
000020e1
0000117c
0000056e
00000be8
00001375
ffffe65b
fffff795
00000639
fffff8c3
ffffea81
ffffff8f
ffffba3d
0000022c
ffffdb3a
ffffd02d
00002803
00000e7d
00002086
ffffb694
ffffff62
00000d11
0000074f
00000a55
00001328
00000fb6
00000e66
00001fef
00001024
000008b3
000012a4
000015c0
ffffe67d
fffffd8a
000006b3
fffff716
ffffe376
ffffffc7
ffffba99
0000047d
ffffdc43
ffffd3ac
0000223a
00000c6c
000022d7
ffffbcf6
fffffb05
0000109f
000005d4
0000074a
000010a0
00000f6c
00001325
0000263d
00000f2d
00000b26
00001171
000016d0
ffffe3cb
fffff6d7
000009cb
fffff633
ffffe2b1
000000d0
ffffbd29
0000085d
ffffd6b9
ffffd91e
00002108
00000e3a
00001eda
ffffbaaa
fffffd07
0000133c
00000c4d
000006bf
00000c5a
00000d4e
00000da7
00002326
00001113
000005c4
00000bf2
00001318
ffffe594
fffff409
000007d8
fffff80e
ffffe9c0
00000060
ffffbd1b
0000056e
ffffdcc4
ffffd32f
00002801
00000ccc
00002337
ffffba1d
ffffffab
00000e0a
00000996
00000a83
00000e2d
00000dcc
00000cec
000022ee
000011d9
00000858
0000116e
00001384
ffffea9c
fffff6d6
0000066c
fffff792
ffffe55b
00000029
ffffbee7
0000071e
ffffe02a
ffffd10b
00002425
0000083e
0000232c
ffffbaaa
fffffbcf
00000c28
0000084f
00000906
00000fa0
00000f0a
00000eb7
000023a5
000011cf
00000796
00000e3f
0000146a
ffffe8fc
fffff3f1
000005dd
fffff715
ffffe517
00000039
ffffc015
000006c1
ffffdc02
ffffd27b
00002462
00000b4f
0000243d
ffffb96e
fffffcba
00000eab
00000835
00000a6b
000010a0
000010d3
000011a2
00002351
00001200
00000917
00000ffa
00001502
ffffe68c
fffff65f
00000563
fffff6ba
ffffe37d
fffffffc
ffffbd42
00000729
ffffda32
ffffd443
0000229d
00000d11
000024da
ffffbbc0
fffffa68
0000116e
00000921
000007f9
0000106a
00001251
000013eb
0000264d
00001182
00000b83
00000feb
000016d5
ffffe719
fffff41f
00000715
fffff69a
ffffe372
000000a2
ffffbd92
00000874
ffffd7d0
ffffd4fa
00002109
00000e54
00001f58
ffffb8b7
fffffa4e
00001167
00000cb2
0000074d
00001095
00000f83
00000f87
00002519
000011de
000007dd
00000bf9
000014ac
ffffe818
fffff383
000006e9
fffff826
ffffe8b9
0000011b
ffffbc00
00000594
ffffd93a
ffffd097
00002542
00000eca
00001ed9
ffffb5dd
fffffcce
0000100e
00000933
00000ac6
000010ea
00000de7
00000fbb
00002428
00001104
000008da
000010c3
0000145f
ffffe6db
fffff82b
0000061a
fffff6e5
ffffe71d
0000016a
ffffb8b2
0000046a
ffffd81b
ffffd1e6
0000247a
00000d71
00001f39
ffffb795
fffffb6f
00001305
000009b2
000008ee
000010d6
00000e71
00001398
00002523
00000f90
00000a16
0000105a
000014be
ffffe44e
fffff772
0000070c
fffff562
ffffe760
0000029e
ffffb925
00000407
ffffd5ca
ffffd591
0000236e
00000f2c
0000205e
ffffb9a5
fffffaee
0000161b
00000a40
000007f4
00000fbd
00000cef
000014cb
000028a2
00000ed9
00000b59
00001072
000013e5
ffffe5ac
fffff429
000007ab
fffff4d1
ffffe7f1
00000427
ffffbad8
000005ef
ffffd59c
ffffd639
000023f8
00000d56
0000235d
ffffc03f
fffff915
00001b62
00000aa5
000007a6
00000b1e
00000ae4
00001697
00003251
00000ee1
00000ffa
000012a3
0000151b
ffffe9ee
ffffea9f
00000a59
fffff518
ffffea07
0000066d
ffffba72
00000b94
ffffd2c3
ffffd5c5
000022d6
00000bc2
00001d07
ffffc1ab
fffff451
00002096
000011a6
000002b0
0000059c
00000851
000012a6
000039a9
00000ed7
00001019
00000d73
00001218
fffff01b
ffffdfa5
00000e2e
fffff6e2
fffff6e0
0000076e
ffffb804
00000c6b
ffffceb4
ffffcc0b
00002515
00000d0c
000013e6
ffffb7d9
fffff4a5
00002420
00000c67
000002e6
00000291
0000020c
000008f0
00003874
00000e2c
00000c0a
00000df9
00000caa
fffff2d8
ffffe243
00000e44
fffff916
0000028c
000004b5
ffffab16
0000077f
ffffc9ce
ffffc2c0
00002a7e
00000bbc
000010e6
ffffafc0
fffff8eb
0000282e
00000917
0000064c
000002f8
000004a1
00000612
000032eb
00000d1c
000008a4
000010b1
00000997
ffffefd4
ffffe9e5
00000e44
fffff9b7
00000558
0000009a
ffffa05e
000006b7
ffffc668
ffffbfee
0000290e
00000e53
00001371
ffffae0c
fffff6cc
00002c0f
00000909
0000060f
0000034c
000008de
00000a11
000035b2
00000a21
00000899
00001348
00000895
ffffed6a
ffffed1a
00001008
fffffa9d
000001f7
fffffd77
ffffa1b4
00000a28
ffffc046
ffffc16b
000024fb
00000f23
fffffe88
ffffa89d
fffff8c4
00002c31
00001303
ffffffd8
000002fd
000001ec
fffff947
00002051
00001253
00000495
000008ad
0000124f
fffff062
fffffc30
00000c2e
000005da
00001405
fffffdcc
ffff8f87
ffffef4e
ffffd1a1
ffffb9ec
00003631
00001588
ffffaf5a
ffff6f63
00001b1a
00001624
000027af
fffff1ff
00002348
00000e6c
ffff9586
ffff810e
00000ccd
ffffcaa4
ffffc41d
00001210
ffffe56e
0000623e
ffffed50
000015c2
000029be
fffff491
ffff7b61
ffff7c5c
00004748
ffff9aa3
00008854
00001ed2
00002267
000028e2
ffffc6b3
ffffdc31
00002597
ffffff79
ffffde76
00000b69
00005aeb
00005b21
fffffdbc
fffffcf4
ffffdc56
000004cd
ffffbf01
ffff61ef
00001225
00000637
ffffeb3e
00001604
00002700
000052a1
ffff963b
000012f6
ffffffa6
000032fb
00001891
ffffbee4
ffffef67
00001163
00000c59
00000914
00000e9d
00000e18
0000254e
000041c3
00000089
00000709
00000b0b
00000a45
ffffd640
ffffddbc
00000bb3
fffffdc9
ffffe77c
00000a91
ffffd485
00001b69
ffffb9cf
ffffe18d
00002167
000014db
000013fd
ffffb426
fffff699
00001801
0000080b
0000088b
00001449
0000090b
00001725
00004396
00000e8a
00000ba4
00001cb8
0000107c
ffffdafc
ffffe9e1
00000d17
fffffba3
ffffe5d5
ffffff31
ffffc6e1
000016ca
ffffbafc
ffffd7c8
00002d17
000015b6
00001193
ffffae63
fffff506
0000242d
00000625
00000521
00000f4e
00000c1b
0000127f
000040b9
00000e05
00000873
00001833
000010ed
ffffdaee
ffffeaa6
00000e91
fffffa7b
ffffef8e
fffffbb0
ffffba2f
00001097
ffffb8c6
ffffd2c6
00003477
000019d3
00000bd5
ffffa580
fffffd13
00003378
000007b4
0000025e
00000dfa
00000b67
0000017e
00003298
00000bb5
0000057b
000014ee
00000fd2
ffffde2a
fffff862
00000d34
fffffcdf
fffff571
fffffe42
ffffaf57
00000101
ffffcbc0
ffffcca4
000044f4
00001406
00000ca0
ffffac7b
000008e9
00002401
00000bc7
0000062d
00000a16
0000033f
fffff32b
000028b0
00001aa7
00000ae8
00001c49
00001060
ffffeed4
fffffb02
00000a1b
ffffffe3
fffff0bb
fffffb00
ffffb554
000001fd
ffffe8bc
ffffc111
0000410a
00000470
fffffeee
ffffc000
00000a6c
fffff83d
0000135a
00000cb6
0000095f
0000061a
ffffe9ab
0000111b
00002eb0
00001456
00001418
000014e3
fffff957
ffffeb58
00000535
00000343
fffff580
fffffc1b
ffffac32
ffffffef
fffff495
ffffb37b
000027aa
00001190
fffff526
ffffc384
00000350
ffffe67e
00000244
0000123c
000002f3
00000ccc
fffff34e
fffff9e9
000032a4
0000188b
00001784
00000287
ffffe5df
fffff12f
000004ba
00000061
ffffeda5
ffffeb6a
ffff97dd
00000579
ffffd5cf
ffffb825
fffffee3
00001fec
ffffff73
ffffc20c
00000912
fffffd1d
ffffffb2
0000163a
ffffe8db
00001c1b
00001b6d
000002f2
00002119
0000122f
0000248e
ffffef23
ffffc9c2
ffffee97
00000b8d
fffff690
ffffee11
ffffe7f8
ffff936b
00001a46
ffffaeda
ffffce60
ffffe17e
000023f9
00000118
ffffc453
000008fd
00000a0a
00001a1a
00000fea
ffffe58d
000021ff
000022f7
00001189
00001677
00000aaf
0000189d
fffff076
ffffcc40
ffffda7f
00000e1c
fffff792
fffffbc0
fffff3d5
ffffa375
00001ab4
ffffb315
ffffcc1f
ffffee86
00002838
0000004c
ffffc0be
00000077
0000095f
00001482
00000b1b
fffff0e8
00001591
0000139a
00001cba
000018a5
00001165
00001d1d
fffffafd
ffffdc66
ffffded6
00000e0a
fffffaab
fffffa64
fffff238
ffffa672
0000103e
ffffba74
ffffc39d
0000016f
00002009
fffffc10
ffffbb8b
0000007b
000013bb
00000e0e
000009ec
fffff0ec
00000ed3
00000a92
00001b13
0000199a
00000f8d
00001b88
fffffe89
ffffdd61
ffffe258
00000be5
fffffae5
00000192
fffff32b
ffff9934
00000971
ffffbd53
ffffc285
00000ed1
00001fce
fffff9a6
ffffb9e8
0000053b
000011b3
000015dc
00000b5b
fffff33d
00000fbf
00000931
00001619
0000197b
00001218
00001888
fffff993
ffffe059
ffffe3e0
000009dd
fffffbf4
00000418
fffff665
ffff98e0
00000bbc
ffffc470
ffffbbdf
00000963
00001e19
fffff744
ffffb80b
0000014d
00001108
00000a87
00000a94
fffff245
00000dd8
000003cf
0000138d
000016a1
00001074
000018eb
fffff902
ffffdff2
ffffe7c9
00000a91
fffffc39
000003b8
fffff551
ffff959c
000006ae
ffffbf95
ffffbda2
00000d6d
00001c8a
fffff921
ffffb7b7
0000088e
00001231
00000fb1
00000ea1
ffffeffb
00000d23
00000829
0000133a
0000170f
00000e95
00001bfb
fffff586
ffffdc41
ffffe8da
00000953
fffffba1
00000177
fffff5ce
ffff976c
00000c55
ffffc3c8
ffffc029
000009c9
00001a42
0000021c
ffffbe87
0000047b
0000114c
00000cc1
00000e14
ffffed35
00000d26
00000d95
00001b8b
000016a6
0000120b
00001e4a
fffff6af
ffffdfc1
ffffe0de
00000a0d
fffffb16
fffffe77
fffff558
ffffa00b
000011f8
ffffc037
ffffc2be
00000775
00001709
fffffe73
ffffbec8
00000234
00001586
000011a9
00000902
ffffed63
00000fba
00000864
00001a5f
000015de
00000ed3
00001577
fffffc5e
ffffe28a
ffffddea
00000ad2
fffffc2f
00000522
fffff936
ffff9dff
00000b60
ffffc3fb
ffffbfce
0000117d
00001a81
000000a7
ffffbb78
00000485
0000144c
00000de4
00000c14
fffff0ee
00000bd7
000001b4
0000191f
00001a5d
0000107b
000018fc
fffffa7e
ffffe71f
ffffe369
00000a29
fffffcaa
000000c0
fffff637
ffff9cbd
00000c87
ffffcb5f
ffffbb05
000010cc
00001493
0000021b
ffffbc7a
00000483
00001713
00000de2
00000acc
ffffeb2f
00000d29
000003f1
00001a16
000017a5
00000ee7
000019cd
fffff877
ffffe749
ffffe247
00000ac6
fffffc91
000002f9
fffff4fe
ffffa019
00000cac
ffffc80c
ffffbb7d
00001211
0000123b
00000358
ffffbceb
0000045b
00001626
00001078
00000901
ffffeda0
00000e93
000002d4
00001d74
00001692
00000dbf
00001825
fffffc7c
ffffea61
ffffe29b
00000cc4
fffffbe7
00000334
fffff81a
ffffa30d
00000cf3
ffffcb58
ffffbb06
00001409
00001166
0000031f
ffffbd8c
00000361
00001209
00000e92
00000d08
fffff0b9
000008ee
0000019e
00002037
00001886
00000f69
00001873
fffffbf3
ffffea78
ffffde50
00000a95
fffffd39
00000149
fffff9a8
ffffa16f
00000edf
ffffcb7a
ffffbaf4
00001487
000011f5
0000003c
ffffb867
00000183
0000168d
00000d05
000009e4
ffffefe0
00000bac
000002f0
00001b69
0000184e
00000d8a
000016d0
fffffab0
ffffe7ab
ffffe378
00000ad4
fffffd63
00000556
fffff4d2
ffff9e98
000009be
ffffc6d3
ffffb9cb
00001578
00001481
fffffe43
ffffb74d
000005eb
0000113f
00000d86
00000a67
fffff63e
00001142
00000021
00001671
00001872
00000d88
0000186b
fffffef1
ffffe734
ffffea37
00000ccd
fffffba4
00000193
fffff7e1
ffff9c18
00000869
ffffca24
ffffbaa8
000011d9
00001763
000008ec
ffffba23
000002ab
0000196c
00000454
00000e8a
ffffef6b
00000a79
00000543
00001ec7
000019b2
00000b9b
00001e5b
fffff87f
ffffe284
ffffe7d0
00000bea
fffffc4e
fffff7fc
ffffeeb6
ffffa292
000011d3
ffffc325
ffffc195
000012ea
00000fcc
00001112
ffffbb01
000005aa
00002489
0000149d
000006da
ffffe58f
00001177
0000101e
00002b2f
0000105b
000004b5
00001993
fffffd35
ffffe5e7
ffffe3ef
00000ee9
fffffa6b
000001ab
fffff5a2
ffffb092
00001369
ffffc614
ffffc2aa
00001c03
00000a0a
00001704
ffffbc6a
ffffff4f
00001a85
00000fdf
00000486
fffff719
00000b25
0000065f
000038dd
00001204
00000a6b
00001697
00000b31
fffff3e3
ffffe0d3
00001102
fffffa89
fffffd3a
ffffffac
ffffb7f0
0000133f
ffffcf4d
ffffbf1e
000026bd
00000652
000012b6
ffffb57a
fffff7b3
00001988
000006bb
000007c2
fffffff6
0000049d
00000302
0000395b
000014c8
000009b6
0000135b
00000aa4
fffff01a
ffffe178
00000e8a
fffffca6
fffffdca
fffffcbf
ffffadab
0000106d
ffffc506
ffffbde4
00002a28
00000d01
00000f5a
ffffac99
fffffa7d
0000234e
00000558
000009e5
00000016
00000988
00000ae0
00003440
0000121c
000008d7
00001614
00000c82
ffffe547
ffffece3
00000cff
fffffb2a
00000092
fffffcb3
ffff9a20
00000b16
ffffbac2
ffffc383
0000267c
000015a3
00000f37
ffffaa13
fffff99d
00002924
0000098e
000007df
00000310
00000cde
00000efa
00002f48
0000130d
00000b3c
000012b2
00000c35
ffffe296
fffff08c
00000a7c
fffffba3
00000085
fffffab3
ffff958d
00000a93
ffffbc48
ffffc33c
000022a6
00001996
000014e6
ffffa91c
fffff54a
00002cd3
00000684
000007cb
0000065c
00001170
00001307
000032a7
00000c8e
00000d73
00001322
0000090a
ffffe4ec
ffffef74
000009c3
fffffa9a
fffffc09
fffffc4e
ffff9b7a
00000ec0
ffffb777
ffffc423
00001f07
000016f7
ffffff42
ffffa324
fffff63e
00002ee9
000010bf
00000267
000007f5
00000a7b
000000c6
00001e0d
00001470
00000994
000006ac
00001163
ffffe9a7
fffffb8d
00000507
00000655
00000e17
ffffff0b
ffff8bc3
fffff2e5
ffffc9ab
ffffbb5c
00003290
00001cb1
ffffad03
ffff6b20
00001afb
000019e1
0000282c
fffff2dd
0000261c
00001312
ffff97fd
ffff7ea4
000011af
ffffce78
ffffc5f6
000011bb
ffffe1fc
000064e8
ffffe9fd
000017e5
000026b0
fffff36c
ffff774a
ffff7bed
00004297
ffff99d5
0000879d
000023b2
00001f9a
000026eb
ffffc5b3
ffffde4e
0000281d
ffffffa3
ffffdf1c
000008dd
00005ad7
00005e7f
fffffcd8
fffffcc1
ffffdd2a
0000041c
ffffbff2
ffff5efb
000012ce
0000046e
ffffecf0
00001859
00002a88
00004e97
ffff9674
00001235
0000037e
0000325b
000015b9
ffffbe32
ffffef45
0000121b
00000e12
00000753
00001042
00000b96
00002350
000040f1
000003a2
000008eb
00000d7f
0000081e
ffffd9b4
ffffde34
00000b56
fffffbeb
ffffeacf
000007f2
ffffd532
0000166f
ffffbbbf
ffffdebc
000022e1
0000146d
000010ef
ffffb345
fffff4b8
0000192f
00000add
00000963
0000163f
000009a3
00001570
000040b3
00000ea8
00000a77
00001c4b
00000cbd
ffffde36
ffffe94f
00000c86
fffffc56
ffffe6b3
fffffdb6
ffffc8c0
00001449
ffffbad2
ffffd4f2
00002d76
0000162d
0000100e
ffffacdf
fffff1b2
000022d3
00000ae8
00000878
00001214
00000a62
000017a5
000043df
00000ba7
00000904
00001a2a
00000ed2
ffffde1f
ffffe912
00000c6f
fffffbc8
ffffeeae
fffffdfa
ffffbfa1
000010bc
ffffb5d9
ffffd1fe
00003009
00001859
00000bac
ffffa640
fffff4c9
00002d43
00000a38
000004b0
0000141a
00000876
0000118d
00003d92
00000a59
00000928
00001626
00000ff5
ffffddae
fffff144
000009b6
fffffae0
fffff475
00000115
ffffb4a8
000005e6
ffffbc1a
ffffd085
00003bde
00001752
00000794
ffffaaba
fffffecc
00002881
00000b18
000005c6
00000ef3
ffffffff
00000527
0000340c
00001713
00000ceb
000018b4
000015b1
ffffe310
fffff8dd
00000823
ffffffe5
fffff747
0000005a
ffffa6a2
00000247
ffffcd4b
ffffcb30
00003cdb
00001240
ffffedf1
ffffb010
00001260
fffff8e1
000012b5
00000b15
000004e2
fffff67d
ffffeb35
000004b9
0000361b
00000638
00000a43
00001c3e
ffffe360
00000153
fffffe2a
00000731
00000660
fffffb87
ffff8543
fffff12d
ffffec6c
ffffba11
00003453
00001b40
00000726
ffffb9fe
00002038
ffffdc63
ffffeff1
00001f67
fffffb42
00000abb
fffff894
ffffdeb2
00003664
00000b44
00001a79
00000fc1
ffffcab3
0000195d
fffffc1e
fffff723
ffffe2ca
ffffeb45
ffff754b
000002f0
ffffe253
ffffce43
fffffe1c
00001c9e
00001db1
ffffd6d5
0000170f
ffffdcea
000002ae
000011f2
ffffe836
000032f9
0000384e
fffff0e5
00002109
00001d95
000016e2
00000cad
ffffb467
0000008d
00000b8b
ffffe744
ffffdb3f
fffff867
ffff8be1
000020e7
ffffc0c5
ffffea0a
ffffc191
00002d01
0000020e
ffffd7a7
0000013f
ffffd979
0000146b
0000064b
fffff014
00002dfb
0000307e
fffff4c2
0000294b
00001dcc
fffffdf7
0000042a
ffffb86d
ffffe513
00000945
fffff1dc
ffffef17
fffff8dd
ffff8fce
0000195c
ffffb57b
ffffd87c
ffffcbb9
00003ea1
fffff34a
ffffc0fa
00000694
ffffe04f
000004b3
000018ce
fffff2a9
0000258c
00002980
fffff0c2
00002da4
00001a43
0000153a
fffff7b5
ffffb435
fffff672
000004c4
fffff820
ffffed3b
ffffed53
ffff7673
00001843
ffff9ffb
ffffd176
ffffc81f
00003f41
ffffea55
ffffbe08
00000be0
ffffee27
00000b65
000018da
ffffe658
000027fa
00003a39
fffff3a8
00002d39
000019ca
00001bda
fffffa95
ffffa730
fffff4cd
0000062a
fffff5cb
fffff79e
ffffee34
ffff67d3
00001713
ffff8fc2
ffffd97b
ffffc4cb
000049e5
ffffe85a
ffffb8d0
00000ba0
fffff163
00001166
00001273
ffffe947
000027f0
00003363
ffffeb2b
00002ee8
000011d9
000012b5
fffff531
ffffa7a8
fffffb08
00000622
fffff39a
fffffe16
ffffe7c5
ffff6a0a
0000105f
ffff9656
ffffd342
ffffcb01
00004978
ffffef0a
ffffb74b
00000fc9
ffffef1c
00000a6b
0000166d
ffffecb4
00002cd8
00003404
ffffe8d8
0000296a
000012a2
00001854
fffffb3f
ffffaa2d
0000058b
000006d6
fffff2ac
fffff6eb
ffffeb69
ffff68d6
00000ea0
ffff9a6b
ffffd7bf
ffffc8ae
00004523
fffff1f7
ffffbfa3
00000da1
ffffeddd
00000c29
0000173a
ffffef24
00002956
00003522
ffffed64
00002ed9
00001609
00001575
ffffffb2
ffffa938
fffffd3f
0000062d
fffff394
ffffefd4
ffffedb6
ffff6c05
00001388
ffff9fd2
ffffdc1b
ffffc923
00004645
fffff525
ffffc3f0
00000b8c
ffffee9b
000011cd
00001728
ffffe978
000029ff
00003826
fffff35f
00002f72
00001a48
000016fb
fffff7e6
ffffadd5
fffff208
00000711
fffff2b7
fffff3f8
ffffec6c
ffff71db
000019f1
ffff9d37
ffffd644
ffffc1ce
0000452c
ffffec0d
ffffbf67
00000904
ffffef79
00001197
000011d8
ffffe5ea
000027b8
00003454
fffff2d2
000029df
000016c2
000013f3
fffff6d3
ffffafbe
ffffef81
000006d4
fffff381
fffffe94
ffffeeb2
ffff6dca
0000116b
ffff9732
ffffd249
ffffca7e
000045e5
ffffebf3
ffffbb61
00000cc6
fffff290
00000d7b
000016a9
ffffe935
00002589
00003075
fffff05f
00002c79
00001810
000017c5
fffff91e
ffffaee7
fffff6e3
0000054e
fffff3bb
fffffcf0
ffffed0c
ffff6431
0000117e
ffff9a27
ffffd1c7
ffffca8f
000045f7
fffff029
ffffbba9
00000922
fffff8ad
00000dd4
00001280
ffffe7f0
000029c8
000033dd
fffff37d
000025dc
000016e5
00001759
fffff2e2
ffffae3d
fffff61f
000009aa
fffff1eb
fffffd47
ffffeb40
ffff6b19
000014ac
ffff9472
ffffd2ad
ffffc704
000044f7
ffffeb11
ffffb95b
00000937
fffff8b2
00001278
000011b8
ffffe8a0
00002669
0000337b
fffff7f8
000021c5
00001466
0000156f
fffff6cb
ffffb0bc
fffff43c
000008d9
fffff4ff
00000182
fffff0a4
ffff6c90
00001183
ffff95fd
ffffd1ea
ffffcea8
000043a3
ffffea23
ffffb8e7
00000a60
fffff47c
00000e76
000017e0
ffffee95
00001f49
00002e1d
fffff811
000028f6
000014ca
000016b2
fffffa99
ffffb072
fffff4e4
00000610
fffff620
fffffd58
fffff030
ffff6709
00001167
ffff9a1c
ffffd1fa
ffffd26f
00004481
ffffefcb
ffffb584
00000791
ffffff4c
00000982
00001262
ffffe9d4
000025ab
000030db
fffff624
00002502
00001565
00001861
fffff33b
ffffae45
fffff979
00000823
fffff28a
ffffffff
ffffe9e9
ffff69d1
00001093
ffff9401
ffffd27d
ffffcfd2
00004389
ffffe6e5
ffffb6a6
00000d42
fffff602
000014da
00000d98
ffffec7f
00002702
00002d90
ffffee3a
000024ac
00001325
00001303
fffffa6f
ffffb230
fffffdb4
000006af
fffff74f
00000402
ffffee5f
ffff69da
00000a63
ffff9f07
ffffcf77
ffffd3ee
00004405
000004e2
ffffbf55
00000363
00000651
fffffb07
00001840
ffffeea0
0000248b
00003242
00000693
00001cf9
00001757
000021ba
fffff8c0
ffffb364
fffff81f
00000c84
fffff3b7
ffffe9a2
ffffe9de
ffff76cc
000022d0
ffff92e2
ffffddba
ffffcfb3
000037a7
00000a82
ffffbb37
fffffd29
0000290d
000017db
000006bd
ffffde04
0000254d
0000401e
00002811
000004a0
00000934
0000135a
fffff0e9
ffffb976
ffffdfd0
00001478
fffff24c
00000318
fffff966
ffff96f6
00002295
ffff9022
ffffdb53
ffffeb84
00002ca9
00000876
ffffae47
fffffdfa
000026b9
000016b9
000003b2
fffff441
00000f8e
00001f2a
0000358a
00000737
000006b6
0000131a
000002b5
ffffd92d
ffffe52d
00000fd6
fffff788
00000ab6
0000026a
ffffa053
00000e47
ffffafe8
ffffc969
00001a47
00001aa0
00000e6d
ffffa92a
fffff87f
0000252d
00000448
000007f9
0000091a
0000084c
00000a79
00003338
00000ea0
0000087e
000015c1
00000c93
ffffe3c2
fffff147
00000e1f
fffff9a1
ffffffc4
fffffbc3
ffff9b74
00000826
ffffba34
ffffc557
000027d0
00001826
00000ea2
ffffaa3d
fffffa01
000028f4
000007bc
00000833
00000721
00000b0e
000011c4
000033fc
00000d5b
0000095a
00001672
00000f73
ffffdf4d
fffff392
00000fc5
fffffa47
fffffd50
fffffe6a
ffff9717
000009c5
ffffb75f
ffffca07
000022aa
000019ca
00000d5c
ffffaaf0
fffff877
00002aa7
00000c66
000008aa
0000054f
00000924
00000f68
000032a1
000011ab
0000087f
000011a6
00000f9d
ffffe20b
fffff043
00000dcc
fffffb2f
00000155
fffffddc
ffff963b
000007d4
ffffbc4e
ffffc5cd
000024f9
00001a41
000013ae
ffffa96f
fffff625
00002ceb
0000079f
00000741
00000665
00000d71
00001469
00003577
00000d01
00000beb
00001411
00000a22
ffffe507
ffffefc4
00000d31
fffff6b8
fffffe46
fffffda6
ffff9c51
00000b95
ffffb7e6
ffffc59c
00001fbf
00001594
fffffe00
ffffa3ce
fffff7bf
00002ea6
00001136
000001c0
000006bc
000007fd
0000015f
00001f00
00001736
000007e7
00000651
00001085
ffffe8b8
fffffb57
00000716
000002cf
00001114
fffffe87
ffff8a8d
fffff097
ffffc921
ffffbbe7
00003343
00001c5e
ffffac12
ffff6ae5
00001d19
00001a01
00002a5d
fffff322
0000234d
000013da
ffff9757
ffff7d0a
00001520
ffffcc5f
ffffc5e0
00000fd4
ffffe157
00006612
ffffeb6c
000016a0
00002921
fffff0da
ffff753c
ffff7aee
000042ca
ffff97f3
000086b7
0000244a
00001da8
000024bc
ffffc66b
ffffdbf0
0000262f
00000094
ffffdfd6
00000baa
00005ae3
00005d00
00000134
fffffe07
ffffde3d
0000035d
ffffbb73
ffff61e8
000011bc
000005c2
ffffeb35
000014de
00002793
00004f3f
ffff92a3
000011f4
00000293
000035e5
00001307
ffffbde2
fffff04d
0000116e
00000e4b
000006cc
00000c5f
00000fae
00002394
00003c6f
00000a25
00000ba0
00001102
000008c4
ffffd686
ffffe26b
00000a38
fffffe16
ffffe93c
00000237
ffffd1c6
000017ae
ffffb8af
ffffdda7
00002044
000017be
000011ad
ffffb2f7
fffff4b3
0000183c
0000085a
00000a01
000015e2
00000e9b
00001687
00003b2f
0000101c
00000a4a
00001a0c
00000ce5
ffffdcf9
ffffe9b1
00000955
fffffd8b
ffffe35e
fffffc31
ffffc863
00001741
ffffbb34
ffffd4e5
00002ac4
0000176a
00001109
ffffab31
fffff1c6
000020d6
00000b64
00000a8b
00001542
00000f09
0000191b
0000413a
00000e1b
00000a11
000017fc
00000c9a
ffffdcf1
ffffeaf2
0000099f
fffffdae
ffffe9de
fffffd6e
ffffc32b
000013e2
ffffb696
ffffd0e2
00002cfd
0000189a
00000c92
ffffa621
fffff403
000026b3
000008e1
0000058b
0000179e
00000c1c
000013dd
00003f9a
00000d3b
00000942
00001b07
00001013
ffffdd9d
fffff2c0
00000c9c
fffffc4d
ffffeebc
fffffdd0
ffffbaef
00000a86
ffffb6ca
ffffd083
0000356b
000018b9
00000534
ffffa9cb
fffffddc
000021db
00000bb9
00000b4b
00001550
ffffff60
00000808
00003977
000016aa
00000896
00001cc7
00001877
ffffdf5b
fffff57c
00000d39
ffffff78
fffff407
000002df
ffffa67e
000003b5
ffffc415
ffffcf35
000039c6
000019fc
ffffeb8b
ffffb108
0000173c
00000f35
00000e9f
00000a48
0000000c
ffffe639
ffffe898
00000a6f
00002b51
fffffe60
000013ef
00002688
ffffda47
00000a42
00000b6b
000006aa
00000b54
00000149
ffff75b2
ffffdfb6
ffffeaad
ffffcb0b
0000468b
00001baf
00001814
ffffc609
00002eac
ffffff47
fffff997
00000e39
ffffeb4e
fffff98b
ffffefd7
fffff71f
000018a5
ffffff01
00002388
00001802
ffffd40a
00001b3d
00001986
ffffe5a8
ffffed73
fffff9db
ffff8607
fffffb62
fffffd50
ffffdc65
000018f3
0000023f
00002786
ffffe259
000023c2
ffffdfab
0000172c
ffffffd4
ffffd7cf
000003dc
00001673
00000dcc
0000088f
0000043c
00000cdc
00000dc6
ffffd411
fffff54e
000020ef
ffffdec7
fffffb6b
00000c9b
ffffb146
00000c6e
fffff7a9
ffffe283
fffff724
fffffddb
000017f9
ffffdae9
00001842
ffffcc34
0000019a
00000560
ffffe86a
fffffc70
0000017f
fffff9d9
000018ca
fffffe13
000000e5
000017bf
ffffd298
fffff8a4
0000132d
ffffe8ab
fffffc86
00000626
ffff9b14
fffff8df
fffff15c
ffffde00
000009ad
00000de3
000026e0
ffffcfa8
000021f5
ffffd7c2
fffff595
000012da
ffffee1b
00001288
00001849
ffffee6b
00001c3f
0000015e
0000102b
00001565
ffffbbaa
00001466
000010a9
ffffe381
ffffdf92
fffff995
ffff8d85
00000a42
ffffe1cd
ffffecd8
ffffec3d
000014d8
00002888
ffffda06
00001fc2
ffffd87b
00000802
0000076f
ffffe5c6
00001e30
00002d23
fffff8c5
00001c83
0000053c
00000b4f
00001c64
ffffb3e2
00000c3b
0000182d
ffffe3e6
ffffe409
ffffffc1
ffff9691
00000ed4
ffffd900
fffff4a1
ffffe26c
00001de1
00002246
ffffd983
00001afd
ffffd781
0000031a
00000510
ffffee23
00001d36
000019a3
fffff040
00001f10
000005d8
000004d4
0000217a
ffffbac5
00000a52
000017b9
ffffe503
ffffe5e7
ffffff3b
ffff9053
000005d2
ffffe316
ffffedb7
ffffef80
0000244b
00002125
ffffd632
00001cea
ffffd806
0000008a
0000084d
ffffef01
00001751
00001bd4
ffffecf8
00001ce5
00000a98
00000b92
000017a0
ffffba32
0000104c
000014f7
ffffe860
ffffe10b
fffffaff
ffff8e00
00000927
ffffe3dc
ffffec85
ffffe4b9
00001d4d
0000200b
ffffdced
00001f72
ffffd5b8
00000275
00000ac5
ffffe491
00001639
00002139
fffff255
00001d53
0000078b
00000de2
00001a3d
ffffb873
00000709
0000155e
ffffe9a4
ffffe43f
fffffc9b
ffff8e97
00000f5d
ffffdc12
ffffef56
ffffe33d
00001d37
000028a4
ffffdb2d
00001aa7
ffffdbe0
00000174
00000868
ffffdec9
00001b7b
00002477
fffff9b5
00001edc
00000491
00000a21
00001687
ffffb83d
00000484
00001726
ffffe3c1
ffffe5e8
fffff8a3
ffff96b2
000014a5
ffffd621
ffffed68
ffffe507
00001a9c
00002832
ffffd5fd
00001ec4
ffffe0ea
000003fb
0000072c
ffffe165
00001b2e
00002398
fffff985
00001bbf
0000007c
00000736
00001b26
ffffb97e
000008eb
0000166e
ffffe56b
ffffea5d
000000f2
ffff9275
00000b93
ffffdb77
ffffee95
fffff0d4
00001979
000029fa
ffffd444
00001e64
ffffdec8
000003dc
00000858
ffffeb18
0000179c
00001d56
fffffa86
00002232
000003e8
0000087a
00002217
ffffbfac
00000f68
000015bf
ffffe728
ffffe3b4
ffffff05
ffff9397
00000b56
ffffe4b7
ffffead9
fffff449
00001729
0000334d
ffffd404
00001741
ffffe385
fffffb11
000006b1
ffffebbc
00001dcf
00002224
ffffff19
00001b68
000006ab
00000899
00001d5d
ffffbfa2
00000b50
00001568
ffffe0dc
ffffdf86
fffffe28
ffff9aa8
00000f9d
ffffdd8c
ffffee51
fffff1a0
000015c3
00002a2b
ffffd146
000018a8
ffffe534
00000802
00000730
fffff0c4
00001a5d
0000223d
fffffd54
00001cea
0000043c
0000022f
00001e12
ffffc0b1
00000889
0000113f
ffffe9bb
ffffe586
000003bc
ffff98ac
000009b5
ffffe273
ffffea7f
fffff7a4
00001911
00002a29
ffffcf2c
00001a5b
ffffdf54
fffffdf7
00000acd
fffff470
0000175f
00001a63
fffffd03
000022fa
000003d4
00000a40
00002423
ffffc324
00000f81
0000127b
ffffe953
ffffdd8e
fffffde9
ffff9605
00000ad3
ffffe232
ffffe907
fffff8fc
000016eb
0000311b
ffffd164
0000151a
ffffeb17
ffffff5d
000005c9
ffffed57
000021a3
00002332
0000012a
00001ced
00000a1c
00000a64
00001dac
ffffbf8d
00000d48
0000152e
ffffe17b
ffffe0e1
fffffc91
ffff9b10
00000d71
ffffdaa5
ffffecc1
fffff3f4
0000198a
000023ee
ffffd001
00001784
ffffead7
000008b9
00000161
ffffefff
000013b5
00001ac2
fffff95b
00001ced
000002f1
000002b7
00001f0d
ffffc4e9
00000e6c
00001149
ffffee04
ffffea4e
00000205
ffff966b
00000081
ffffe7aa
ffffe902
000001bd
000015aa
000040ce
ffffd6df
000010a2
ffffea1d
fffff98b
00001122
fffffb08
000020cc
0000280b
00001360
000014c0
00000fec
00001254
00001d60
ffffcfb7
fffffca9
000013e4
ffffe25e
ffffcf29
0000034d
ffffac7b
00002485
ffffdb2e
ffffeb88
ffffe8c5
00000f8f
000036de
ffffd2a5
fffff1ed
0000063b
0000097d
ffffffe7
fffff9da
000027bf
00003889
00003229
000003fb
000011d7
ffffff7c
00000c2f
ffffccc9
ffffd8f8
000017c4
ffffe3c7
ffffe6d5
00000a01
ffffbdd5
0000202e
ffffb7a4
ffffe651
fffff4aa
00001e0c
000016d2
ffffb43d
fffff49c
0000205f
00001094
fffffed4
00000256
00001468
00001edc
00003485
00000d98
00000b8d
00000b43
00000b0d
ffffda2b
ffffe959
00001119
fffff556
fffffb56
00000121
ffffa90a
000008fa
ffffb797
ffffcec7
00001b2a
00001ba6
000013ae
ffffa80d
fffff9a4
000028c8
0000072c
000007cc
00000852
00000f6e
00000d94
0000314c
00001357
00000a6e
000016fe
00000f0a
ffffe599
fffff37e
00000b1e
fffff84e
fffff9ab
fffff99a
ffff9eb2
000008c8
ffffbf1d
ffffc492
00002774
00001702
0000146f
ffffac79
fffff9d1
0000268b
000008f0
00000869
00000a67
00000c5f
000010a1
00003302
000010ea
00000bb6
0000148b
00000f52
ffffe588
ffffee99
00000b85
fffffba1
fffff9ae
fffffe3f
ffff9d1d
00000b88
ffffbfb8
ffffc699
000022ae
0000170c
000011ca
ffffaae7
fffff7f6
00002764
00000896
000008ca
000006c0
00000d32
00000b34
00003184
000012a9
0000083c
00001195
00000f56
ffffe5b4
ffffedae
00000bdf
fffffbc6
fffffcf6
fffffb28
ffff9a8b
00000a09
ffffbdd7
ffffc269
00002611
000018cc
0000173c
ffffa983
fffff89b
00002a71
00000778
0000072e
0000048e
00001163
0000123c
00003513
00000df7
00000ac4
00001667
00000bd0
ffffe48f
fffff0d8
00000ddd
fffff795
fffffb91
fffff9e9
ffff9d6b
00000dba
ffffb9ad
ffffc452
00001f5b
000015d9
00000054
ffffa5f1
fffff935
00002b55
00001077
0000002b
00000569
00000961
ffffff40
00001f53
00001784
0000089a
0000088e
000014ba
ffffe858
fffffc08
0000091c
000003af
00000f45
fffffcb6
ffff89b8
fffff1a7
ffffcaec
ffffbc37
00003364
00001d69
ffffad1d
ffff6b18
00001caa
0000190b
00002876
fffff1c4
00002311
000014f1
ffff94db
ffff7c1c
000013b3
ffffccd5
ffffc50b
000011e8
ffffe072
00006669
ffffec97
00001630
000028a6
fffff0aa
ffff73c3
ffff7af8
000043e5
ffff97f4
0000877a
00002568
00001de8
000024be
ffffc826
ffffda89
00002749
00000119
ffffe0b3
00000bf5
00005a43
00005b87
00000135
fffffd31
ffffdeec
000004e3
ffffbb7d
ffff64c2
0000125b
000005cd
ffffea9b
0000159f
000027aa
00004db1
ffff94b9
00001298
000002b6
000035c6
00001376
ffffbfe0
ffffefc1
00001052
00000e33
000005b2
00000d7e
00000e33
000023b5
00003ceb
00000893
00000c4e
000011eb
00000b21
ffffd6e2
ffffe428
00000ca1
fffffd1b
ffffe859
000003aa
ffffd286
000015e9
ffffb9ea
ffffe03f
0000200d
0000178d
000011cc
ffffb4e0
fffff46a
000018ea
000007e7
000008b3
0000157d
00000b32
00001725
00003b58
00000ce2
000009a1
00001898
00000d7a
ffffdc56
ffffe903
000009d9
fffffc98
ffffe453
fffffe16
ffffc915
000015ff
ffffbd21
ffffd7d1
00002bde
000015e4
000011ca
ffffab2c
fffff2aa
00002058
00000c3c
00000a0d
00001620
00000e81
00001700
00003f17
00000c68
00000814
00001500
00000aec
ffffdda4
ffffebaa
0000094a
fffffcbf
ffffeb4e
fffffe38
ffffc523
00001270
ffffbb33
ffffd090
00002e5b
00001701
00000f96
ffffa6c1
fffff359
0000236e
0000066f
0000058a
0000194f
00000e70
0000130b
00003d9e
00000c63
00000b44
00001be6
00000dc5
ffffdf7b
fffff2da
00000ad5
fffffc44
ffffebb5
fffffbfb
ffffbf1d
00000c37
ffffb913
ffffcfd9
00003252
00001742
fffffb8e
ffffad06
fffffec8
00001010
00000fc4
00000e91
00001bf1
00000474
000005b1
00002df5
00002021
00000d6a
0000178e
00001c1c
ffffdf57
ffffef0a
00000732
00000469
fffff26a
00000270
ffff9fe4
00000446
ffffc8b1
ffffc97c
00002ffd
00002560
ffffdd2e
ffffb4e8
000013c9
fffff86d
00000a85
00001388
00000ce5
fffff355
ffffe5c0
fffffa93
0000389d
00000d10
00001952
00002031
ffffd433
000003c3
00000cd3
000009a2
000002fc
fffff984
ffff63c6
ffffe768
ffffdd1f
ffffc2b9
0000222b
0000353d
000000e6
ffffc6c7
0000202b
fffff96f
fffff850
00000e71
ffffe4ec
00000d3e
0000070b
fffff5da
0000189c
0000101d
000032cd
fffffdae
ffffc213
0000088f
000021a6
ffffe4e9
ffffedff
ffffe628
ffff7bea
00000e44
ffffc544
ffffd6c2
ffffe37d
00001fc0
fffffeda
ffffd4ec
00001a29
fffffbaa
00001fbb
fffffd88
ffffc9b8
00000996
00001c3d
00000d72
ffffff92
fffffcb5
00001397
fffff655
ffffbfc3
ffffeb02
000028cd
ffffe8c1
000017f5
ffffff23
ffff93e6
000006f9
ffffc3f7
ffffdc42
ffffed78
00001ba1
fffffd9d
ffffcfa4
0000220c
fffff8f6
00000a01
00000460
ffffd8f8
fffff09b
fffff60e
00000347
00000962
fffff885
0000189d
00000bcb
ffffcfeb
fffffcaa
000022a5
fffff151
0000114e
00000076
ffff84e9
fffff397
ffffe4f0
ffffd955
0000166a
00000faa
000016e5
ffffd938
00002635
fffff673
0000074f
00000554
ffffde59
fffffa6e
fffffcf5
00000a57
fffffdf4
0000000e
00001c11
00000b87
ffffd30a
fffffba1
00002950
ffffe489
fffffe71
00000614
ffff9835
000006ec
fffff23f
ffffe084
00000410
00000567
00001236
ffffe29e
00001a83
ffffeee2
000010f9
fffffa15
ffffda4c
fffff265
fffffe30
00001661
fffff6f8
00000223
00001208
000006a1
ffffd845
ffffe9b4
00002e22
ffffe815
00000cfc
00000d2f
ffffa737
000000f5
ffffee41
ffffde01
00000858
00000478
00000241
ffffdb3b
00001cf3
ffffe521
00000bc3
0000014e
ffffde78
ffffeca4
ffffef0d
00000623
0000022d
ffffff58
00001069
00000dc6
ffffdab4
ffffeec6
00002377
ffffeb6d
00000feb
000009cd
ffff9471
fffff518
fffff49c
ffffd672
00001332
00000a32
00000a3e
ffffdbeb
000020ea
ffffe678
000003b3
00000c3a
ffffdf71
ffffeff1
fffff996
fffffcc7
00000a22
00000663
00001794
000005fd
ffffd0f9
fffff6dc
00001e01
ffffea3b
00000344
00000401
ffff8906
fffffdf0
ffffefe7
ffffdc96
fffffcb5
00000be9
00000cc5
ffffe266
000022ee
ffffe754
00000d50
00000536
ffffd33a
fffff9af
00000992
000003a7
00000120
000002c6
000017c1
000000aa
ffffcb6c
ffffec8a
00002619
ffffe5ed
0000081b
0000083c
ffff91ea
0000066b
ffffe161
ffffe18f
fffff09f
00000ec3
00001540
ffffe277
00001bd0
fffff34d
0000098d
000000da
ffffd1d6
fffffb06
000009e2
000013df
fffff4ba
000002ce
00001899
000001f1
ffffce8f
ffffe5d9
00002d24
ffffe09e
00000a83
000009a0
ffff9a8f
000008d5
ffffdb9e
ffffe3cb
fffff96b
00000c8c
00000bf1
ffffdd8f
000019dd
fffffa87
00001324
fffff904
ffffd7bd
fffff213
0000012d
0000184b
ffffefc0
fffffea4
000011ce
00000581
ffffd3ee
ffffe61a
00002f38
ffffe681
00001642
00000e2e
ffff99ec
fffffd32
ffffe470
ffffde1e
00000a59
00000b08
00001025
ffffd508
00001aa6
00000136
000004da
ffffff40
ffffdbd1
ffffe83c
fffff1e4
00001b7f
fffff2ee
fffffb0e
000019cf
000004b5
ffffdba1
ffffedeb
00002d08
ffffe7bd
00001166
00000861
ffff98de
fffffcb4
ffffe971
ffffd9a7
00001879
00000014
00001370
ffffd9e0
00001c27
0000016e
00001001
ffffff4b
ffffd9a6
fffff062
fffff9f1
00001ecc
fffff229
0000007c
00001786
000007fb
ffffdffd
ffffe50d
00002ade
ffffe603
0000137c
00000e19
ffff9eb3
0000001c
ffffedf5
ffffd7d0
000014a6
000001c1
000009e9
ffffd6d5
000014c6
fffffbc2
00000db3
fffffc66
ffffe2da
ffffe968
ffffec8f
0000188b
fffffab2
fffffe70
00000f1a
000007a5
ffffe504
ffffe61b
000027cf
ffffed3e
000015ba
00000a90
ffff9a70
fffff71f
fffff15c
ffffcf17
00001bf6
000003e6
00000f23
ffffd091
00001d31
00000135
000002d5
000002b9
ffffdd89
ffffec3d
ffffeef1
00001788
fffff887
fffffc68
00001ddd
00000335
ffffe0ab
fffff177
00002a6a
ffffea7b
00000f54
0000041f
ffff9699
fffffe0a
ffffe9d8
ffffd2a8
000015e0
fffffeee
00000e02
ffffd78f
00001846
fffffd72
000014b5
fffffe60
ffffdbf3
fffff703
fffff930
00001bd9
fffff588
0000015e
00001590
0000063d
ffffe11c
ffffe67b
00002a53
ffffe782
00001378
00000a9d
ffffa129
ffffffb5
ffffe9b9
ffffd254
00001129
0000068e
00000a86
ffffd533
00001202
000005e1
000004a5
fffffe62
ffffe13e
ffffe5e4
ffffefe3
000019d0
fffff926
00000019
0000161b
000007a4
ffffe201
ffffeb6b
000026c1
fffff052
00001181
00000801
ffff9624
fffff623
ffffea10
ffffd5c9
00001e23
000001ce
00001066
ffffd43d
00001560
fffff7b0
0000151b
00000348
ffffe3e8
fffffa53
000002df
0000220b
fffffcab
000006a4
00001679
00000034
ffffe6af
ffffde82
00002380
ffffe7ce
00000d20
000006ba
ffffa8d7
000011cc
ffffe2e5
ffffc9f6
00000081
000004f0
00000dcd
ffffcc18
fffff825
fffff6aa
0000021b
000005f1
ffffedd0
000003ff
00000f00
00002b33
00000122
00000cad
00000f89
fffff5df
ffffdc92
ffffd223
00001a92
ffffeb82
000009da
fffffd93
ffffa5c2
00001325
ffffb649
ffffca54
fffffc3c
00001718
0000045a
ffffb0d5
fffff916
000023ac
00000572
00000982
ffffed57
00000d6e
00001d99
00002b4c
000006b7
000004b0
0000191d
fffff4d2
ffffcc26
ffffe81b
00001363
fffff7d6
00000a6d
fffff2f4
ffff8fa1
00000f1d
ffff9bc2
ffffcdc9
00000920
000021be
000006e3
ffffa855
fffffdd0
000033bb
00001505
000005f9
fffff418
00001449
00001d78
0000326a
00000a8c
00000550
000017fb
000005af
ffffd891
fffff078
00001017
fffffa3c
00000949
fffff953
ffff97a2
00000de5
ffffac11
ffffc768
00001b69
00001ccb
00000d0f
ffffab58
fffff6d4
00002a7f
00000a5c
000003d0
00000691
000007cd
00000e26
0000386d
00000f86
0000095f
0000130f
00000f72
ffffe6f1
fffff145
00000fa6
fffffd4d
00000285
fffffe3e
ffff9d50
00000aa9
ffffbaca
ffffc448
00002774
000014f5
00000d2b
ffffa90e
fffff7fc
00002bea
0000050a
00000945
0000075d
000006d9
00000a27
000036af
00000ed1
00000710
000011d6
00000e99
ffffe480
fffff09a
00000e77
fffffcd3
0000011f
ffffffc8
ffff969d
00000b3a
ffffb9bb
ffffc538
00002af6
00001709
000011d8
ffffa891
fffff78e
00002ed1
000008e5
0000097c
00000597
00000a7a
0000129a
00003a08
00000cb1
00000a80
0000149c
00000aa7
ffffe2e9
ffffeedd
00000e9f
fffffa6b
ffffff37
fffffeac
ffff99fa
00000f0b
ffffb788
ffffc5be
000022b3
00001667
fffffbd5
ffffa406
fffff932
00002d63
000010f0
000001f5
000004f6
00000350
ffffff49
0000222f
000015c2
0000079e
00000975
000011fa
ffffe7a3
fffffa71
00000918
00000416
000012fd
ffffff7a
ffff878f
fffff0eb
ffffc7f7
ffffbc50
0000357b
00001ca7
ffffaac5
ffff68ec
00001d58
00001b7d
00002807
fffff24e
00002226
000011f1
ffff966e
ffff7d66
0000119d
ffffcbaa
ffffc559
0000106b
ffffdec1
00006641
ffffec1b
00001451
00002c68
fffff26a
ffff7136
ffff78ec
00004142
ffff994b
0000899e
00002575
00001e86
0000244a
ffffc9e1
ffffdb91
000029d4
000000e5
ffffdf45
00000b89
000057e8
00005aa8
00000129
fffffb92
ffffdd82
0000036a
ffffbce6
ffff63a5
0000119d
000005e5
ffffebb3
000015bb
000029ac
00004d1c
ffff9990
000010ad
000005e3
000033c7
0000153a
ffffbff3
fffff0bf
00000cf9
00000e1b
00000652
00000e42
00000eb6
00002175
00003b7f
000008a7
00000d35
000012b2
00000b68
ffffda10
ffffe451
00000b08
fffffd04
ffffe69a
000003d0
ffffd626
00001525
ffffbe9b
ffffde4c
000020da
000014de
000012cf
ffffb6b5
fffff391
0000169d
000006c6
00000836
0000171c
00000b4d
000016d8
00003bc4
00000ca4
00000af6
00001982
00000eb6
ffffdd07
ffffe916
00000a14
fffffc75
ffffe1f0
fffffe96
ffffcb64
000015ef
ffffbd5c
ffffd908
00002b95
0000159c
000011ad
ffffab9a
fffff268
0000220d
00000b7f
000009b3
0000142e
00000df7
000016a8
00003e5b
00000cce
0000084a
00001419
00000ac2
ffffdcbe
ffffeac3
000007f2
fffffc50
ffffeb65
fffffe2f
ffffc547
000011cf
ffffbc58
ffffd19a
000030f8
0000169d
00000cdb
ffffa9ba
fffff5db
00001ea8
00000b53
0000088f
00001906
00000ea6
0000117d
000037cd
00001257
000010a3
00001a1f
00000e05
ffffe1f1
ffffef05
0000056f
fffffceb
ffffec5d
ffffff65
ffffbb39
00000a8d
ffffc124
ffffccd5
00003039
00001902
ffffebb1
ffffae77
0000057a
fffffa6c
000012e5
00001279
00001840
fffffb60
fffffd90
000016fc
000032ab
00000d85
0000127d
00001cd4
ffffddbd
fffff2b0
fffffc86
00000b9f
fffff6e1
fffffe64
ffff8f18
fffffade
ffffd26c
ffffc1b1
00002b3b
000028f6
ffffe3dd
ffffb25e
00002159
ffffdd24
fffff993
00001fe1
fffffccd
fffffcac
ffffedf1
ffffd9fb
00004f69
00000af5
00001b29
00001b2a
ffffc30e
0000157f
fffffa7a
00000144
fffff68d
ffffe7f4
ffff52ca
ffffee19
ffffdaab
ffffc660
00000b66
000034bc
000014b3
ffffcf9e
000029b4
ffffd222
fffffd8a
00001b2c
ffffe37d
0000360b
00002b2e
ffffd3fa
00002d40
000018bc
0000273a
fffffd50
ffffab0f
00000db8
00000ee8
ffffdd42
ffffda18
ffffe32a
ffff7353
0000205b
ffffc047
ffffe090
ffffad16
00003648
000008f5
ffffd873
00000a4c
ffffe155
000012da
0000055b
ffffd8bd
00003173
00003f45
fffff197
000013bc
000011f1
00000988
fffff9a5
ffffa7b0
ffffeda7
000015ed
ffffe9ae
fffff478
fffff6eb
ffff8977
000013a0
ffffa68f
ffffe885
ffffbe4f
00003bb6
fffffef3
ffffc921
000016ad
fffff44a
00000ee0
00000c42
ffffe451
000019d8
000021ca
fffff521
000016f6
000008f3
000016d1
000006d4
ffffb57a
fffffe59
0000143a
fffff09f
fffff74a
fffff86a
ffff7e5e
0000070c
ffffbdf9
ffffe16a
ffffe500
00002f7c
000004ba
ffffcc7d
0000174b
ffffe856
000012a4
00000cea
ffffe957
0000162a
000020de
fffffe32
00001733
00000f49
000014b4
00000465
ffffbf3a
fffff4ad
000012be
ffffe826
fffff580
fffffd09
ffff8f4a
00000edb
ffffca45
ffffdb8a
ffffe2cb
000026f6
000005ed
ffffca4c
00000c20
ffffeced
0000050e
00000ad1
ffffe8e0
000010d8
00001e5b
fffffee7
00001927
00000fdb
000013f8
fffffa46
ffffbe93
fffff3c8
00000f5e
ffffeae4
fffff9c4
fffff646
ffff8ea0
00000827
ffffbcf6
ffffdc1e
ffffe952
000025c5
fffff8f5
ffffc6b0
00001c8a
ffffeda6
00001059
00000cd6
ffffe51c
0000115a
00001885
ffffee74
000021d9
0000050a
000012d3
00000a23
ffffbdb7
000001a0
00000d52
fffff4ce
fffffe68
fffff85a
ffff7db5
fffffebc
ffffca6f
ffffda5f
fffff2fb
000028c6
00000a3c
ffffd118
00001e8c
ffffdfca
000006de
00001149
ffffe8ec
00001586
000013c9
ffffee9c
000028dd
00000a7d
00001657
0000116b
ffffc18b
000007f8
000013fe
ffffec64
ffffecb2
fffff45c
ffff83ba
00000b40
ffffd645
ffffdc90
ffffe3db
0000236a
00000ce9
ffffd9a7
00001a95
ffffd969
00000ac3
00000c51
ffffdfc2
0000198d
000021bb
fffff456
00001f0e
00000bb7
0000104d
00000717
ffffb93a
fffff815
000018ce
ffffe5d5
fffff1bd
fffffae8
ffff8a98
00000ff5
ffffcb92
ffffe33c
ffffd7c2
00002754
00000ad9
ffffd542
000012fe
ffffddc1
00000dac
00001115
ffffe322
00001c63
00002a56
fffffbe7
00001ea4
00001355
000011fb
fffffed0
ffffb975
ffffec1d
00001286
ffffe636
fffff25c
fffffa8a
ffff8b76
00001572
ffffbef8
ffffdea9
ffffd1bf
00002d2b
fffffc32
ffffc8df
00000d51
ffffe6bd
00000f80
00000e7d
ffffe6cd
00001a97
0000296c
fffff81d
00001f9c
0000108f
00000ffa
fffffa5a
ffffb727
ffffedd1
00000c58
ffffed13
fffffc19
fffff730
ffff81cb
00000ab1
ffffb23a
ffffd890
ffffd999
00003475
fffffeae
ffffc41f
00000ef2
fffff4ca
000009c9
000010c2
ffffea62
00002220
00002c1b
fffffc25
00001cd8
0000170f
00001bc0
fffffd92
ffffb7b5
fffff586
00000dee
ffffea8b
fffff651
fffff55d
ffff7c63
00000f8c
ffffaa7e
ffffda96
ffffd760
00003623
fffff420
ffffc503
00000b37
fffff159
0000158e
00000caa
ffffe930
00001a26
000029ed
ffffff69
000022d8
00001391
00001296
fffffb39
ffffb949
ffffec19
00000d25
fffff0b5
ffffffee
fffff5ab
ffff7cbe
00000ee3
ffffab91
ffffd3b0
ffffdada
0000383b
ffffebcb
ffffbcfd
000011c7
ffffed2a
00000e0c
00001651
ffffe99c
000017b1
00001d10
ffffef0c
000028b7
00000f16
000013e0
fffffccb
ffffb8ca
fffff51b
0000072e
fffff450
000003b5
fffff286
ffff69a0
0000052e
ffffaff3
ffffcddd
ffffdff0
00003c59
fffffb1b
ffffbfc8
00000f7d
fffff5a6
00000521
000011c5
ffffe895
000024a8
00002b52
fffff2f8
000020cf
000018b6
00001f33
fffff6c6
ffffb43c
fffffcf7
00000dd0
ffffeb01
fffff687
ffffecaa
ffff713c
000010e1
ffffa4f0
ffffd720
ffffcb52
000038f4
fffff038
ffffc110
00000d78
fffff2e2
00001929
00000e38
ffffe340
00002023
00002da1
fffff53c
00002042
00000d41
00000f6d
fffff533
ffffb481
ffffefba
000009d5
fffff318
000002ef
fffff1d3
ffff7aa9
00000dd7
ffffa79f
ffffd2b4
ffffd765
00003a0a
000003b4
ffffbf37
00000e10
fffffefb
000001c0
000016e3
ffffe711
00001bda
00002925
00000036
00001ee5
00000f39
00001ec3
fffffda3
ffffb96e
fffff9ef
00000aee
fffff163
fffff408
fffff016
ffff797e
00001280
ffffa804
ffffdabd
ffffdf46
00002e75
fffff662
ffffbf24
00000e94
ffffef13
0000231d
00000867
ffffeb42
00002253
00002bae
fffffd89
000020ef
00000be9
000009d5
000000d7
ffffbdc9
fffff31a
00000bbb
fffff15e
00000567
fffff7a8
ffff8681
00000cbf
ffffb4dd
ffffcdf6
ffffe012
000036cd
00000164
ffffbbc9
000002e0
ffffe669
fffff938
0000152c
fffffe31
00001d54
000027f8
ffffff81
00002062
0000175b
00001a16
000002a6
ffffbb23
fffffe4e
000008ae
fffff018
ffffed0d
fffff022
ffff7acb
000011d5
ffffa199
ffffd8ba
ffffd7c6
00003769
00000fa3
ffffba9b
fffff916
000017e1
ffffff1c
00000ffa
fffff318
00002bb4
0000483d
00001918
00000b42
000013cb
00001b4e
fffff7fa
ffffa9b7
fffff12e
00001058
ffffedbf
ffffec9c
fffff20f
ffff83fd
0000241b
ffff813e
ffffeae7
ffffd451
00003ceb
0000081d
ffffafbf
fffff7f3
00002eb4
00001d82
0000037b
fffff3f1
000021eb
00003b20
00002f0b
00000293
0000072e
00000e1e
fffffc71
ffffc01c
ffffe4e9
00001167
fffff630
0000049f
fffffede
ffff9859
00001701
ffff9648
ffffd866
fffffedf
0000306e
00000a74
ffffa656
fffff712
000029ef
00000cc9
00000790
00000880
00000c3c
000016ba
0000345d
000009dc
00000930
0000167b
00000aec
ffffdd44
ffffefbc
00000ce3
fffffb2b
0000017c
fffffd91
ffff98f4
00000807
ffffb19b
ffffc8e5
0000207a
00001ef1
00000ca0
ffffa6b7
fffff65f
00002974
000008c0
000007af
00000dfc
00000afe
00001317
00003377
00000909
0000092d
00001538
00000eb0
ffffdec3
fffff2c9
00000c98
fffffa1c
fffffd3b
fffffd68
ffff98ce
000007dc
ffffb4c8
ffffc9ca
000023bd
00001d5a
000010db
ffffa706
fffff3b7
00002c0e
00000878
000007ce
00000c68
00000d19
00001881
00003a38
000008f6
00000a6f
00001460
00000d5c
ffffdd48
fffff158
00000d8f
fffff8b6
fffffbfc
fffffe04
ffff9bf6
00000d38
ffffb03b
ffffcaf8
00001ff2
00001bf0
fffffadd
ffffa200
fffff8e9
00002cf6
00000fe8
000001a2
00000978
000005b2
000004ac
000022b8
000014b0
0000072f
00000a67
000013f1
ffffdfc5
fffffedb
00000a42
0000024d
00000ffe
fffffef6
ffff868a
fffff12a
ffffc1cb
ffffc253
00003385
0000222d
ffffaa01
ffff68b9
00001d8c
00001c4f
0000274f
fffff1d0
000023b0
000012ad
ffff9a15
ffff7e97
000011f8
ffffccb7
ffffc740
000011dc
ffffd8c3
00006895
ffffed90
00001392
000029ff
fffff224
ffff701f
ffff799e
00003d35
ffff9e2f
000088b5
0000291a
00001f0f
000024e0
ffffca94
ffffdfe8
00002d59
00000079
ffffdbc8
00000b6c
000056f3
00005b89
0000021f
fffffa54
ffffda66
0000031e
ffffbe6e
ffff5f49
00001035
000005f0
ffffeea6
0000174a
00002a40
00004c50
ffff9cee
00000e9d
00000ab8
00003299
000015a2
ffffbe20
fffff315
00000c76
00000fb1
000005d9
00000dc6
00000e0e
00001c89
00003a36
00000a7d
00000d3f
0000124f
00000a61
ffffdeb9
ffffe563
000009be
fffffc4d
ffffe7d4
00000475
ffffd7d4
0000128b
ffffc57b
ffffd97b
00002504
000010b0
0000142d
ffffb68b
fffff541
00001314
00000530
0000095a
00001775
00000ac5
00001499
00003b34
00000d1f
00000bc8
00001b8f
00000dde
ffffdf5d
ffffe922
00000934
fffffb31
ffffdff4
ffffff20
ffffce0c
000015d2
ffffc03a
ffffd7c8
00002c8c
000012cb
000011cd
ffffae25
fffff2cb
0000213b
00000b52
00000a0c
0000131e
00000d67
000017c4
00003f34
00000d6a
00000a93
00001536
00000c64
ffffdc2b
ffffe8d9
000007ec
fffffb9f
ffffea94
fffffff8
ffffc50c
00001175
ffffbc6b
ffffd378
00003103
00001711
000007b0
ffffab49
fffff899
00001be5
00000e90
0000050f
000012e4
00000951
000010d6
000034a8
00001899
00000ea6
00001869
00001090
ffffe03f
fffff385
000005bb
fffffe8f
fffff067
fffffc73
ffffb931
00000731
ffffc302
ffffcbee
00003353
00001643
fffff670
ffffad2e
00001153
0000094e
0000059a
00000ccd
00000841
fffff063
fffff474
000015e2
00002c89
fffffa80
000016ee
0000230b
ffffd804
00000cee
000006eb
000009ad
fffff913
fffffb5c
ffff8d22
fffff334
ffffd8ef
ffffcecf
000041c6
000015db
00000c63
ffffc540
00003638
fffffd68
fffff991
0000100a
ffffe593
fffff0f3
ffffed56
fffff8e2
00002f0c
fffffa53
00002245
00003415
ffffc8d2
00002916
000017e0
fffff4dc
fffff363
fffffd4a
ffff6f72
fffff1ce
fffffbf2
ffffe532
00003090
00000c29
0000331f
ffffe6bf
00002ee0
ffffd67d
00000d8f
fffffe84
ffffd944
00000f64
00000d63
fffff8b3
00001730
000004be
00000a02
00001c38
ffffcc7a
00000a15
00002274
ffffd655
ffffe932
000002a6
ffffa954
000013ae
00000b42
ffffe6c0
fffff41c
00000065
000031ae
ffffe589
00001340
ffffd38b
fffffadc
0000015e
ffffe579
00000b7f
00001715
000006b1
00000524
00000844
fffffe7e
000010fb
ffffcb0d
fffff847
00001c06
ffffe12d
ffffecdf
00001176
ffffada1
00000ada
ffffeb10
ffffee83
fffff5d6
00000547
0000227b
ffffd459
0000167f
ffffeacb
000000ed
00000486
ffffeccf
00000ee8
000018d8
0000096f
00000ebe
00000485
000009e6
00001552
ffffc4d0
000001cd
00001a18
ffffe818
ffffe952
00000786
ffffa549
00000c98
ffffdebf
ffffebcc
fffffff1
00000f85
00001c5e
ffffd07b
00001bbb
ffffe657
00000841
00000636
ffffec45
00000a94
000013ac
000008dd
0000184b
00000046
00000b65
00001794
ffffc55d
000004d6
000017c6
ffffe9ea
ffffec7b
000002b9
ffffa51b
000009a4
ffffe47b
ffffe640
0000074b
00000f68
0000265e
ffffd57a
0000173e
ffffecff
fffffe7b
00000664
ffffec65
000010f5
0000157a
00000b4c
00001776
00000a0a
0000133c
000019d1
ffffc7bd
000005fe
000019a1
ffffe670
ffffe6f4
00000022
ffffa28a
00000bfa
ffffdff4
ffffea7c
0000027b
0000116d
0000197f
ffffd59f
000018d5
fffff47e
00000971
fffffa72
ffffeab3
00000595
00000d46
00000823
00000f78
00000040
000009cc
00001a6b
ffffc997
000006a2
00001f90
fffff0a4
fffff4f5
0000055f
ffff9ed7
00000241
ffffe7f3
ffffe859
00000e17
00000f7f
00002140
ffffd4fc
00002052
ffffeaa4
000000de
000002e0
ffffea68
00000044
00000115
00000ac3
00000a72
fffffd7a
00001124
00001d64
ffffd1ca
00000ac9
000021bf
ffffeb4d
ffffefe7
00000528
ffffa30c
00000911
fffff409
ffffe574
00000f9d
000003e9
000025d6
ffffdd70
00001d66
ffffe0ae
ffffff47
00000351
ffffe7fa
fffffe72
00000920
00000c19
00000991
fffffe3c
00000b48
00001e3a
ffffcaab
000001d4
000020d6
ffffe8ad
ffffeef8
00000858
ffffa489
00000953
fffff253
ffffed4f
00000a62
0000064d
000026e2
ffffdafd
00001c2f
ffffddf9
00000164
00000791
ffffe79c
000005d4
000010b1
00000a08
000015e3
000000e6
0000096e
00001bac
ffffc696
ffffff86
00001a7e
ffffe711
ffffeb2d
000003d6
ffffa273
00000e73
ffffeb37
ffffe9cf
00000256
00000b8f
00002579
ffffd3f2
00001c32
ffffe58f
0000001a
000005c3
ffffe5a7
00000f80
00001441
000003ba
000018c1
0000004f
00000974
00001917
ffffc1ce
000006db
0000192d
ffffe616
ffffecdc
0000012e
ffff9c88
000008d8
ffffe2f9
ffffe940
00000314
000010da
000028ec
ffffd18d
00001b56
ffffe3da
000004a1
000004b1
ffffeb90
000016ee
00001d7b
0000088b
00001975
00000659
00000e69
00001947
ffffc44e
000009ac
0000190f
ffffe40a
ffffe542
00000057
ffffa4d4
000010b9
ffffdf80
ffffe83c
fffff986
00001065
00002181
ffffd33a
000016a4
ffffe383
ffffff98
00000712
ffffeef8
00000deb
000019e7
00000801
00001e5a
00000509
000009a6
00002184
ffffc1fa
00000596
000015d0
ffffec04
ffffe907
0000034a
ffff9765
000009c3
ffffdb94
ffffeb65
00000257
0000179a
00001af7
ffffcc4b
00001f09
ffffe456
00000370
000007bd
ffffee35
000010fc
000011de
fffff720
000023b1
ffffffa8
00000682
00002146
ffffbd3d
00001358
000014db
ffffeac8
ffffeb78
fffffe4e
ffff8b60
00000371
ffffe4b2
ffffe6db
000002a8
00001b37
00002c0e
ffffd458
00001c9f
ffffdfc8
fffffc2b
00000910
ffffeb8b
00001b91
00002246
fffffd8b
00001da6
00000e8d
000011e9
00001aea
ffffbdca
00001172
0000168e
ffffe152
ffffde50
fffffd64
ffff967c
0000128e
ffffdd0c
ffffedc9
ffffe98a
000015d3
0000225a
ffffd6a3
0000142b
ffffea01
00000334
00000237
ffffea61
00001611
00002135
ffffff13
0000186a
00000372
00000245
00001991
ffffbc36
000003e5
0000171b
ffffebf0
ffffeabe
000001eb
ffff97ac
00000b4f
ffffd7ee
ffffee56
fffff7b8
00001b53
00002e9d
ffffd3a8
00001531
fffff2ee
0000010c
00000716
ffffef70
00001c79
0000212a
000011e0
000011c5
00000a5e
0000117a
000019ce
ffffc78b
0000046d
00001dfe
ffffe5a4
ffffe10d
000002c5
ffffa3a3
000019fd
ffffd663
ffffea3a
fffff224
000012eb
0000174d
ffffcb11
000011b4
fffff35b
00000a9b
000000bd
ffffea4b
000006f9
00000d76
0000093c
000016dc
fffffa5f
ffffff2a
00001708
ffffc859
fffffdce
000015bc
ffffefb8
fffff9df
00000404
ffff9b79
fffffd94
ffffe255
ffffe0eb
000016d0
00001422
00002ab9
ffffc876
000020f8
ffffebab
ffffffc8
00001312
fffff4b4
00000d2d
00001048
00000224
00001bf3
0000055b
000016fe
0000199b
ffffcfbf
00000d7c
00000deb
ffffe96f
ffffe17d
fffffe7f
ffff9a50
00000ad9
ffffef1c
ffffe13f
00000372
00000a5e
00003e05
ffffd8fe
fffffe8c
fffff317
000003c9
0000037f
fffffa0c
000028c7
0000353c
0000245c
000008d0
000017e9
00000dd9
000011a3
ffffd117
ffffe9f0
000016b7
ffffdf25
ffffd96e
00000356
ffffc118
0000247d
ffffc6cf
ffffe886
ffffe730
0000153c
00002002
ffffc380
ffffe95c
00001379
00000c50
fffff947
000001cc
00001e80
00002eb1
00003650
0000040e
00000f8c
0000001b
00000b5f
ffffd2bf
ffffdff3
000013f9
ffffeff9
fffff3cb
00000673
ffffb94d
000013ae
ffffad50
ffffdc1d
00000a36
00001f84
00000e23
ffffaa05
fffff4fe
0000277d
00000a39
000007a9
00000b1d
00000f6f
00001795
00003430
000012bb
00000beb
00001102
00000e7b
ffffdc9f
fffff360
00000ad8
fffffc2d
fffff8bb
ffffff10
ffffa006
00000b7b
ffffb5be
ffffcbac
000022f8
00001c10
00000dad
ffffa706
fffff850
00002775
000009a3
00000a84
00000d62
00000c97
000013a2
000032b9
00001282
000008c3
0000141a
00000cc3
ffffdfa2
fffff388
00000a23
fffffccf
fffff7ec
fffffce7
ffff9f5b
00000cf3
ffffb8b1
ffffc854
0000244e
00001a4a
000012aa
ffffa6be
fffff624
000028f2
00000772
00000a21
00000d19
00000e70
0000189e
00003ad1
00000b4e
00000a15
000016a1
00000c49
ffffde82
fffff166
00000c96
fffff90f
fffff6fa
ffffff49
ffffa3a0
00000f85
ffffb22a
ffffcba8
00002288
0000192a
fffffd08
ffffa347
fffff8cd
0000292d
00001037
0000015a
00000cbe
00000694
0000051c
00002420
00001498
00000753
00000bac
0000160f
ffffe03c
fffffecf
00000a88
000001e7
00000b15
ffffff07
ffff8ec7
fffff1cd
ffffc494
ffffc474
00003523
00002176
ffffabf9
ffff6b86
00001c31
00001960
00002631
fffff159
000026bc
000011cb
ffff9b23
ffff8127
0000126f
ffffce6d
ffffc910
00001465
ffffd8a9
000067e4
ffffee30
0000136e
000025ea
fffff1f7
ffff74e6
ffff7a64
00003da4
ffffa157
00008917
0000292e
00001f6a
0000259f
ffffca96
ffffe520
00003123
ffffff4e
ffffd750
00000b4a
000054ca
00005ecb
000003af
fffff6de
ffffd659
00000359
ffffc076
ffff5886
00001184
0000064a
fffff421
0000180c
000029e1
00004c41
ffff9e19
00000b3a
00001062
000032b1
000014ce
ffffba74
fffff60b
00000d79
00001139
00000582
00000cbc
00000e21
00001498
00003763
00000d74
00000b63
000011ca
00000b0a
ffffe414
ffffe86e
00000a1b
fffffc18
ffffeaec
0000031e
ffffd5c2
00000d67
ffffccfb
ffffd243
00002ab4
00000d8b
0000156f
ffffb535
fffff741
00001124
000002c8
00000905
000017c5
00000b6e
00001060
000038f3
00000fb2
00000bef
00001e31
00000e1c
ffffe2cc
ffffed61
00000a4b
fffff9ed
ffffde26
fffffc4c
ffffceb3
0000142e
ffffc449
ffffd4aa
00002cbe
00000f53
000010af
ffffaf8d
fffff45a
00001cec
00000d3c
00000a11
0000128f
00000d9a
0000173a
00003ee1
00000fa3
0000096f
000015ca
00000cf3
ffffdc98
ffffe96e
000009e2
fffffc1b
ffffeabd
ffffff07
ffffc625
0000122e
ffffbccb
ffffd25a
00002ebc
00001734
00000a16
ffffab09
fffffad9
00001f66
000009ea
00000424
00001265
000004f1
00000c3e
00003803
0000102f
00000734
00001cca
0000109d
ffffdda9
fffff841
00000e16
fffffdf7
fffff122
fffffd37
ffffb7ee
00000553
ffffc11f
ffffd16c
00003745
000014e9
00000951
ffffb130
00000f2a
0000265e
00000203
00000619
00000984
fffff134
fffff613
00002f41
00000862
fffff8da
000021a0
000020a6
ffffdbbe
000005e2
00001b17
ffffffbe
fffff767
0000069a
ffff9ef4
fffff82b
ffffd8da
ffffdcdc
00004ab6
00000dfd
000013b9
ffffc9f2
00002152
000017ae
00001144
fffffdd7
fffff7b1
ffffe439
ffffec06
000030a2
fffffc10
fffffa66
000022de
00002925
ffffe324
00000450
00003060
fffff1dc
ffffff24
000011f7
ffffa5cc
fffff80d
fffffdc4
ffffe0af
000042e7
fffffe03
000015de
ffffd55c
000016c3
fffff720
00000ff2
fffff16b
ffffefed
ffffdef1
ffffe6d2
00002a28
ffffecdf
fffff6a7
00000eb0
00001b7f
ffffe9c0
fffff59f
00003317
ffffe325
00000c8e
0000123a
ffffbba7
fffff384
0000073f
ffffd9a3
000037fc
fffff3e2
00001a9f
ffffce27
00001350
fffff55f
fffffb76
fffffbc4
fffff7cc
ffffe1f7
fffff4a5
00002809
ffffe557
fffff9e1
000013c7
00000e6c
ffffdc32
ffffff79
00002bcd
ffffe177
00000564
000013c6
ffffb2de
fffff65e
fffff0fe
ffffe6a5
00002982
fffff5da
000013c7
ffffcdf7
000010ae
fffffe47
00000706
fffffc0c
fffff98f
ffffeebb
00000562
00002941
ffffeba2
fffffc49
000012f5
00000f91
ffffd13b
fffffab3
0000298e
ffffe958
000001be
00001083
ffffb2a0
0000007e
ffffe151
ffffeaa0
00002083
00000636
00000db9
ffffcc5c
0000103a
000001dc
0000047f
fffffc23
fffffa43
ffffeafe
fffffe25
00002996
fffff026
fffffa6c
000015c2
00001429
ffffd072
fffffd5d
00002b41
ffffeef9
0000002c
00000e37
ffffacbc
fffffe02
ffffdfb7
ffffea7f
000028d9
00000889
00000eb4
ffffcd87
00001030
fffffe61
00000d3b
fffffeec
fffff748
ffffeef8
00000427
00002bf7
fffff2ca
ffffffd1
0000185a
000011eb
ffffd391
fffff913
00002998
ffffec6b
ffffffc9
00000c56
ffffb306
00000566
ffffe008
ffffe538
00001f13
0000086b
000009f2
ffffca08
000006f9
0000049f
00000550
fffffaaa
fffffb78
ffffeb3f
00000257
00002934
ffffebea
fffffd4f
0000122c
00000fbb
ffffd2ab
fffffa05
00002762
ffffeec3
00000618
00000fe6
ffffad9d
fffff97a
ffffd830
ffffe860
000026eb
00000adf
00000adc
ffffc5c0
00000c9a
00000cdb
00000791
fffffe0d
fffffe36
ffffea84
0000061a
00002a6e
ffffec2e
fffffebb
000016e8
00000f79
ffffd31b
ffffffee
0000250b
ffffef18
000001e6
0000106a
ffffad01
fffffe55
ffffdb74
ffffe9b6
0000268c
000006db
00000c7a
ffffce35
00000e6f
000005f6
000008e5
fffffef6
fffffcb5
ffffe47e
00000254
00002e37
ffffee15
fffffbad
00001499
00001484
ffffd550
fffff7b7
0000274e
fffff1d5
00000301
000013e9
ffffad9b
00000066
ffffe085
ffffeadf
0000287e
0000060f
00000f60
ffffd08f
00001292
000002c3
0000056d
0000000e
fffff603
ffffe30d
fffffd90
00002fb2
fffff01a
fffff948
0000166f
00001596
ffffd3e9
fffff508
00002c38
ffffedb5
00000457
00001232
ffffa8e9
0000025e
ffffe1a6
ffffea0f
0000289d
000005e1
0000137f
ffffce72
0000143e
000008ed
000006b0
fffffba6
ffffee7e
ffffe85a
fffffd05
00002d76
ffffe9f1
fffff80b
000015c3
00000fae
ffffd1f4
fffff5fa
00002f57
ffffe789
00000945
0000102b
ffffaa84
fffffec5
ffffe35a
ffffe8ac
000029db
00000422
000013f0
ffffcd38
00001391
00000649
00000b79
fffff8bb
fffff1f5
ffffe917
fffffcdc
00002e82
ffffe8aa
fffffa5b
00001648
00000f88
ffffd8f3
fffff702
00002dfe
ffffe8e8
00000946
000010e5
ffffb1ab
fffffd1b
ffffe886
ffffe400
000029a0
ffffff77
00000d5c
ffffceaf
00001222
0000002d
00000890
fffffaea
fffff7ed
ffffe1c3
fffff512
00002db3
ffffecea
fffff973
0000165d
00001726
ffffdc16
fffff8d0
00002e4d
ffffef37
00000a6c
00001265
ffffaa12
fffff8e9
ffffe8c5
ffffe2f5
00002dbb
000002a9
00000971
ffffcb46
00001604
0000035c
000002ac
fffffaa1
fffff3be
ffffe0cb
ffffeffa
000023b4
ffffec53
fffff4d3
00001536
0000178d
ffffd4a5
0000020a
00003024
ffffebf7
00000bce
00000f4a
ffff9fe9
fffff37d
ffffeac6
ffffe686
00003141
0000047a
00001356
ffffd3b4
00001942
fffffbe8
000008d4
fffffcb5
fffff055
ffffe57d
ffffff49
000027ca
ffffebc3
fffffe54
00001ad5
0000129b
ffffd3d0
ffffff22
0000304b
ffffe6b9
00000533
0000108a
ffffa929
0000009b
ffffeb05
ffffea3f
00001b8f
00000001
00001123
ffffd60a
00000c61
ffffff8d
000004e9
fffff899
fffff107
ffffe72f
fffffe7e
0000290e
ffffe798
fffff974
00000ecb
0000102d
ffffd49d
fffff22c
00002ef5
ffffeaea
00000be1
0000118d
ffffaaeb
fffffdcd
ffffe0aa
ffffe99c
000020bc
000006be
0000179d
ffffcc85
00000974
000005be
00000584
fffffc18
fffff4f6
ffffefa1
00000bb1
00003439
ffffe7dc
ffffffce
000015cb
00000874
ffffd5ee
fffff35c
00002a8f
ffffe8a7
00000375
00000c2f
ffffb3ef
00000c77
ffffd49b
ffffe5ba
000016ea
000002c6
0000122e
ffffcbc0
00000ab2
00001e64
fffffc78
ffffff8e
ffffece2
ffffe59d
fffffe60
0000310a
fffff144
fffff8a5
00001114
000015f6
ffffd32d
fffff04d
000023b5
fffff47b
00000b01
00001145
ffff9c1f
fffffa5d
ffffd948
ffffeb65
00003b3a
000005c5
00001ce5
ffffcc0e
00001b6a
00001abb
0000147d
0000006c
ffffe9f6
ffffeea2
fffff47c
00002c0b
00000244
fffffa6d
00001277
0000137e
ffffe70c
fffff1fa
000022be
ffffef98
00000479
00000b95
ffffae09
00000741
fffffd24
ffffd3db
00003423
fffff697
00002d16
ffffcd62
000005fe
fffffea5
00000a5e
ffffff1b
fffff004
fffffc15
ffffff01
00003b33
fffffb44
00000444
00001089
00000428
fffff788
ffffdd74
00001e88
ffffe609
fffffe85
000008ca
ffffd004
000013a0
ffffe9e5
ffffc7ea
000020c8
fffff06d
00001fac
ffffbb97
fffff434
0000101b
0000001c
000001bf
000002d3
000001f8
00000bec
00003e3b
fffff874
000004cd
00000dd6
000007c0
ffffe983
ffffe128
000014b0
fffff1d1
ffffff88
000008f3
ffffbc2a
000008af
ffffc55f
ffffd00b
000029b5
000007b8
00001292
ffffac5b
fffff712
000024a1
00000735
00000703
00000f22
000005d0
00000eb6
000039cd
00000835
000007db
000013dc
0000127d
ffffe169
fffff15c
00000e72
fffffb2a
fffff8d5
00000214
ffffa699
000007ed
ffffbff6
ffffce91
00002dda
000015a6
00001225
ffffa96f
fffff7da
000026ef
00000852
000007c8
00000edd
000009e8
00000d77
00003548
00000c52
00000702
0000131a
0000102e
ffffe15f
fffff227
00000c93
fffffa31
fffff75f
fffffdcf
ffffa628
000009c3
ffffc0e6
ffffca2a
00002bd9
000016f3
000015a4
ffffa845
fffff6a8
000027c6
000007ab
00000784
00000ea0
00000e39
0000141e
00003abd
000009e5
00000a7f
00001696
00000c09
ffffe1ea
fffff168
00000d79
fffff795
fffff599
fffffeb2
ffffaaf5
00000d79
ffffba37
ffffca8e
0000265f
00001515
fffffd8e
ffffa42f
fffff813
00002738
0000103b
0000012c
00000dce
00000643
00000077
000023c6
000016df
000007ce
00000c32
00001501
ffffe51c
fffffdbf
00000943
000003bc
000008de
fffffd1d
ffff95f4
fffff1a4
ffffc983
ffffc12c
00003882
00001dcf
ffffaccd
ffff6d96
00001c19
00001680
0000260a
fffff284
000026e5
00001195
ffff99a9
ffff8284
000014d5
ffffcf12
ffffcb94
00001509
ffffdc4a
00006659
ffffedac
0000154d
00002321
fffff0d8
ffff79d3
ffff7c97
00003f35
ffffa00b
0000892a
000026ee
00001ec8
00002648
ffffc5d5
ffffecd8
00002d85
fffffd3e
ffffd298
0000090d
00005477
00006482
00000392
fffff591
ffffd429
0000023c
ffffbfe2
ffff50c1
0000133a
0000074b
fffff9e8
0000166a
00002469
00004dd8
ffff959d
00000a85
000013b1
000034fb
0000129e
ffffb45d
fffffa77
00001645
00001566
000005ee
00000821
00000eba
00000d9e
00003367
00000f01
000005ca
00000ed9
0000092e
ffffe676
ffffea4f
0000092a
fffffe66
fffff307
000000f5
ffffcd75
000009b0
ffffd243
ffffca7c
00003196
00000ca2
000019b2
ffffb2db
fffffa36
00001114
00000078
00000986
00001794
00000d4f
000008fc
000035d7
00001142
00000bfa
000020b9
00000f92
ffffe9f6
fffff23b
00000a24
fffffa6c
ffffdc8b
fffff993
ffffcd8a
000012a0
ffffcca4
ffffce9c
00002e2d
000009fa
00001336
ffffafb2
fffff4a4
00001aab
00000cb6
00000973
000012ee
00000e47
0000126d
00003c99
00001029
0000079d
0000147f
00000d95
ffffe09e
ffffe9ed
000009ed
fffffd45
ffffe9ff
fffffd77
ffffc809
00001146
ffffc233
ffffcf3d
00003040
000014cd
00000ffb
ffffaab7
fffff7fd
0000208f
000007fa
0000067c
0000157c
00000c97
00000cb5
0000378a
00000ec1
00000a66
00001c82
00000fd0
ffffe168
fffff515
00000c18
fffffbbc
ffffeb31
fffffcdc
ffffbe03
000007cd
ffffc362
ffffcfa9
0000351a
00001498
00000ee7
ffffaf93
fffffb4c
000025e2
000008f7
00000681
000013b5
0000058a
00000942
000038fc
00000cd5
000009d7
00001ce1
00001446
ffffe3ba
fffff2e3
00000f3f
fffffd61
ffffec9b
00000093
ffffb8d9
0000082f
ffffc9fa
ffffd191
0000377a
000011ff
00000989
ffffb06d
00000006
000019ba
000011ea
00000522
00000e52
fffffddd
0000016a
00003655
00000e18
00000203
000016c5
00000ff5
ffffe69d
fffff141
00001255
fffffbea
fffff722
00000084
ffffba24
0000059e
ffffd2ce
ffffc9a0
0000374f
00000df8
00000431
ffffa8e6
000006a0
00000c46
000008eb
0000081e
00000eca
fffffe9e
fffff8d6
000021e9
00000a83
fffffae6
00001569
00000fb1
ffffdfe7
000000fb
0000103e
fffff7de
fffffa4a
fffffeea
ffffaf6d
fffff669
ffffd861
ffffcb66
00003948
000010bb
000011d1
ffffb00b
0000090c
000007e3
000000ba
000009f0
000014df
00000726
00000b0b
00001fd9
000006bf
000006b4
0000216b
00001099
ffffd4cf
00000cbd
0000120d
fffff0a7
ffffe482
fffffd2d
ffffb4ac
000000d1
ffffd3d6
ffffdd93
000021f2
0000108c
000010af
ffffb9c7
ffffff8b
00000515
00000d19
0000059a
00001205
00000a2b
000015c1
0000237e
000007ad
00000496
000014a3
00000e25
ffffd1c4
fffffbe5
0000103e
fffff476
ffffe7c0
fffffec0
ffffc1e9
0000065f
ffffce84
ffffe034
00001d8e
0000175b
00000f39
ffffb9a0
ffffffcf
000002a9
00000902
00000907
0000169b
000009aa
00001562
000022da
00000789
000006e0
0000175a
000012cd
ffffd3a5
fffffd39
00000eda
fffff719
ffffe4c8
000001c4
ffffbdd3
0000055c
ffffcd42
ffffe160
00001d23
000018b0
00000f28
ffffb74b
fffffd36
0000026f
00000801
00000872
00001714
000009b6
000016df
000023de
00000a72
00000501
000015fa
00000f61
ffffd002
fffffdad
00000ec2
fffff551
ffffe2fc
fffffd3d
ffffbfec
0000088a
ffffc88c
ffffe151
00001b1b
000019aa
0000118e
ffffb54a
00000030
000007cf
0000076c
00000b6f
000013cc
00000e19
00001a02
00002012
000008b5
00000428
000016ab
00000ea0
ffffcccc
fffffec4
00000b6f
fffff44e
ffffe3a1
fffffe81
ffffbce0
00000589
ffffc8c2
ffffe450
00001dee
00001b0a
00001688
ffffb975
fffffe88
00000966
00000acc
000008e0
0000176d
00000fa2
00001c28
00002366
00000c04
000009ea
00001806
00001188
ffffd25f
fffffd45
00000b14
fffff5ba
ffffddcb
fffffe91
ffffc303
000008f4
ffffcddc
ffffe36c
00001ae6
00001834
000014fa
ffffbccf
fffffe06
00000602
00000b69
000008fa
000014d2
00000a9a
000016b4
000026a9
00000ea5
00000746
000015ec
00001337
ffffd791
fffff59f
00000c0a
fffff850
ffffe189
ffffffde
ffffc32b
000009e4
ffffcf33
ffffdf6e
00001f3e
000016af
00001476
ffffbd1c
000000b9
000002fd
00000b0b
00000a30
000011cb
00000b0c
00001506
0000270f
00000def
00000714
00001702
0000151b
ffffd70f
fffff55d
00000f09
fffff58c
ffffe479
00000097
ffffbd6f
00000a18
ffffce46
ffffddb6
00001cb2
0000183a
0000127a
ffffbb0a
fffffc47
000006b0
00000acd
000005bf
0000107e
00000f1e
000017d6
0000272b
00000a54
000009cd
000014f2
000010ea
ffffd39a
fffff674
0000117b
fffff18e
ffffe834
fffffed2
ffffbb88
00000836
ffffc760
ffffdd0b
00001926
00001b97
00000b52
ffffb50d
fffffbf5
00000b8a
00000bca
0000045c
00001130
00000bd4
00001833
00002683
000008c6
0000086b
000015ac
00000c3b
ffffd1d6
fffffafe
00001069
fffff51b
ffffed1e
fffffe6d
ffffb76e
0000055e
ffffc2a5
ffffdb9f
00001aca
00001b50
000008e2
ffffb00b
00000006
00000c57
0000084b
00000950
00001250
00000709
00001316
00002360
00000b11
00000278
000017e6
00000d53
ffffd192
00000044
00000e42
fffff851
ffffed48
fffffd57
ffffb289
000003d8
ffffc48c
ffffdbc0
0000213c
000019fd
00000db5
ffffb3ab
00000426
00000cd3
0000077f
000009f6
0000125c
000009f0
000012f7
00001e76
000008ff
00000300
000017fe
000013ba
ffffd02b
0000046a
00000ee3
fffff6c1
ffffe914
ffffff47
ffffb1d3
000001c7
ffffccd4
ffffe105
000021e8
000019ea
000014c6
ffffbc71
00000236
000003cc
00000a2c
000006c5
00001344
000008bd
0000164a
0000239f
00000bd8
000006e9
0000182d
0000144a
ffffd3f1
000000ba
00001265
fffff4e7
ffffe3bb
fffffe78
ffffbb8d
000008e7
ffffd0c9
ffffe1bc
000017fb
0000157d
000014de
ffffbc8f
fffffcb4
00000489
000008c4
000008b5
00000f77
00000bed
00001627
000021fc
00000981
00000470
00001114
0000112c
ffffd442
fffff7a0
00000e33
fffff4af
ffffe84a
ffffff33
ffffbc2d
000007b3
ffffcc5a
ffffdfab
00001b6b
000018ed
00001bbc
ffffbbac
fffff8fc
00000b31
000008a6
0000088f
00001459
00001018
00002250
00002bcd
0000051e
00000cbc
00001728
00000efc
ffffd512
fffff7b6
00000db6
fffff3a5
ffffe1cb
00000117
ffffbf60
00000f2b
ffffc3cb
ffffe289
00001152
00001736
00001918
ffffc43c
fffff64d
00001c22
000005d4
000005ba
00000d1f
00000447
000021cd
00003f07
0000045c
00000ec9
000019fa
0000183b
ffffd690
ffffe7e2
000014a0
fffff942
ffffea68
000008e6
ffffb38d
000011e3
ffffb9c9
ffffe766
00001db4
0000195a
00000ec2
ffffbbed
fffffb62
00002495
0000134c
ffffffb4
000000db
00000004
00000d4f
00003ce4
00000852
00000362
00000dac
00001220
ffffde34
ffffe227
000017ee
fffff6ae
000000b8
000004fc
ffffae98
00000c67
ffffc72e
ffffd1b3
00002f4e
00001601
000014db
ffffaf10
fffffe18
00001f4f
00000933
0000051a
000000da
00000468
000006a7
000036a3
0000057a
00000641
0000143d
000005ac
ffffe5fd
ffffec40
000011b6
fffff094
0000005e
000000a4
ffffaeca
00000838
ffffcae3
ffffc6a8
00002cb3
00000ae4
00001329
ffffab68
fffff803
00002329
000008af
000007be
000009f7
0000099a
00000e71
00003587
00000930
00000ade
0000151d
0000063c
ffffe63b
ffffec53
00000a4f
fffff7ba
fffffb18
00000056
ffffad6b
000007ad
ffffc254
ffffc758
000029dd
000010c4
00000e0b
ffffa9f5
fffff655
00002697
000009da
000008ed
00000ead
00000999
00000ed0
000036e8
00001087
00000bf4
000016ef
00000cd1
ffffe6e7
ffffed9c
000008e7
fffffde5
fffff79e
fffffe65
ffffa8af
000009fa
ffffbd3d
ffffc635
00002ab7
0000158e
00000db0
ffffa7da
fffff6f6
00002846
00000a17
00000833
00000c2a
00000cd5
00000d4f
00003556
00000f58
00000800
000014c5
00000c5e
ffffe449
ffffef70
00000aee
fffffb31
fffff950
fffffbc3
ffffa7ce
00000a92
ffffbbf4
ffffc541
00002bb9
00001767
0000128e
ffffa6dd
fffff653
00002976
00000840
0000073c
00000cae
00000e4b
00001373
00003a5f
00000bb9
00000a76
000017e7
00000a2d
ffffe291
fffff1c8
00000c79
fffff931
fffff6f3
fffffc0d
ffffab2e
00000da4
ffffb86c
ffffc854
0000274e
000014bc
fffffcfa
ffffa35e
fffff88c
00002951
00000fca
000001f5
00000d13
00000649
ffffff24
00002352
00001740
00000750
00000c99
000013ea
ffffe5d8
fffffe1c
000007c5
00000525
000008de
fffffcc2
ffff9659
fffff256
ffffca16
ffffc087
00003ac8
00001cbb
ffffad69
ffff6e62
00001c7f
000015e2
000026e3
fffff34e
00002726
00001111
ffff9968
ffff8379
00001586
ffffcfe3
ffffcbf5
00001513
ffffde22
00006503
ffffecc2
000016d9
000021e5
fffff19f
ffff7c4f
ffff7e84
00004143
ffff9f53
0000897d
0000255e
0000203d
000029c0
ffffc08f
fffff0e1
00002bd2
fffffcfd
ffffd1a5
00000b12
000059ff
00006996
0000037a
fffff964
ffffd43d
00000518
ffffc017
ffff4a8a
00001442
00000874
fffffc4f
0000170f
00001e84
000050ad
ffff8b63
00000be2
00000f1f
00003a75
00000eee
ffffb156
fffff5ce
00002304
00001626
00000240
000005c5
00000ed5
00000b6f
000033fa
00000f04
00000429
0000092c
00000952
ffffe73a
ffffe8d3
00000a25
0000009f
fffffaac
ffffffc2
ffffc30d
000006dd
ffffcdc1
ffffc6ae
000035a4
00000fe2
00001a43
ffffae14
fffffd56
00001b3c
000001a6
00000b56
0000131f
00000b8c
000003fc
000034ec
00001205
00000a9b
000020e4
00000c96
ffffef7f
fffff430
0000087d
fffffc48
ffffe1d0
fffff8d0
ffffc686
000011d0
ffffd1b0
ffffc79e
000031d5
0000046d
00001674
ffffaf3b
fffff539
0000202d
00000c9f
00000990
00000f1a
00000e0b
00000be1
00003b8a
00001179
000006c4
0000123d
00000d3d
ffffe98c
ffffe76a
0000078f
fffffe9f
ffffed5c
fffffdd6
ffffc76b
00000f3d
ffffca20
ffffc891
0000365c
00000ea8
000010a3
ffffaab1
fffff785
00001ca6
00000cf8
00000594
000015f9
00001018
00000929
000034e3
0000124f
00000c5b
000017d3
00000f4f
ffffea40
fffff300
000007ee
fffffd59
ffffebd8
fffffbb3
ffffc2ed
000008f0
ffffcb4f
ffffc5e1
00003448
000010a7
00000f57
ffffab6c
fffff4b5
00001b0c
000004c5
00000843
000017bd
00000ab7
00000c87
0000394c
000012c2
00000c93
00001b6b
00000fb5
ffffe537
fffff3da
00000948
fffffeba
ffffe846
fffffa5d
ffffbd1a
00000ead
ffffc065
ffffcb72
00002ee4
0000127a
00000cf9
ffffa775
fffffad5
000024ae
000004a9
00000a54
00000ea0
000008c4
00000c38
0000349d
000010cd
00000339
00001734
00000dea
ffffdaf9
fffff49e
00000895
fffffe13
fffff005
fffffbcd
ffffb27d
00000aa3
ffffbfd8
ffffd03b
000037fb
0000157d
00001067
ffffa396
000006de
000026fc
000008a1
00000843
00000c3a
00000bc4
000000c6
00002302
000011ff
fffffee7
0000141e
00001012
ffffdd15
00000373
00000592
fffffbc9
ffffef23
fffffb0d
ffffb35f
fffffde5
ffffdab3
ffffcdd5
000043b4
00000d9c
0000226c
ffffb265
00000a0a
00001432
00000819
00000856
0000115a
00000fbe
00000226
00002524
000013fb
000009da
00001c6d
000013a3
ffffea2a
00000374
00000759
fffff7cb
ffffdbce
fffffc05
ffffcb47
00000941
ffffec6e
ffffcf27
00003486
ffffffbf
00002389
ffffbdf3
fffffe55
00000dbc
000005e9
00000586
00000d86
00000da3
0000018c
000029ed
0000147b
000009a4
00001249
00001459
ffffedd5
fffff11e
00000640
fffffa46
ffffdd71
fffffea0
ffffd694
00000a70
ffffe926
ffffd08f
000038d9
00000120
00002314
ffffbaab
00000321
00000bf9
00000802
000007bf
00000d9f
00000c6b
000000eb
000026db
00001613
000006a5
000013a3
0000117a
ffffedd7
fffff4e3
00000464
fffffb3b
ffffdd50
fffffd93
ffffd609
00000b25
ffffec82
ffffce87
00003760
fffffe62
000027b3
ffffbe78
0000037a
00000b96
000003e6
000009a2
00000c96
00000fc5
0000023a
000027ce
0000154f
000009f3
00001624
0000155b
ffffedd6
fffff2d3
000004ac
fffff94d
ffffd9a1
ffffff21
ffffd587
00000c8f
ffffec1d
ffffd217
0000369b
ffffffb0
00002789
ffffc208
000000c0
00000e7c
0000089e
0000049f
00000acb
00001081
0000033d
00002960
0000165d
00000c83
00001302
00001430
ffffeea5
ffffeef4
00000642
fffff962
ffffda7d
fffffe49
ffffd94e
00000d8a
ffffedc0
ffffd0aa
000035b2
ffffff63
00002759
ffffc2e3
000000fe
00000e0c
00000867
0000064e
000006bf
00000d89
000000d0
00002d3b
0000184f
00000d2e
00001536
000011cb
fffff3da
ffffea40
000005a2
fffffa85
ffffdd6a
fffffebe
ffffd9bd
00001051
ffffed03
ffffcc1a
000035f7
fffffb68
000024ab
ffffc265
00000190
00000e92
00000887
000006df
00000446
00000b40
fffffe50
00002dd2
000018b2
00000aac
000013e0
00001207
fffff532
ffffe71c
00000645
fffffbb6
ffffe2e9
ffffffbd
ffffd48c
00000f13
ffffeb43
ffffc973
0000385d
fffffcb5
00002377
ffffbdca
000003e1
00000c8b
000007d3
0000078a
0000048f
00000a98
fffffcca
00002c48
00001837
00000765
00001417
00001100
fffff339
ffffeb70
00000790
fffff9f6
ffffe499
fffffe5c
ffffcffb
00000ddb
ffffea27
ffffc7d8
00003794
fffffd0d
000024d8
ffffb9bb
000004bc
000009fe
0000064f
00000a4f
00000668
00000e7a
ffffffff
000028d7
000016a4
0000067b
0000143a
00001052
ffffee69
ffffeea8
000005aa
fffff6f4
ffffe318
fffffdd5
ffffcd21
00000c58
ffffe7ab
ffffc9b6
0000349c
00000095
00002586
ffffb7b9
000002bb
00000c9c
000005bb
00000926
00000b9e
000011ee
00000515
000025ef
000015ca
00000926
000014e7
00001166
ffffea56
fffff3f1
00000478
fffff6f6
ffffdf85
fffffd35
ffffcb81
00000901
ffffe4c9
ffffcdcd
000031e7
00000483
0000258c
ffffb982
000000ec
00001377
000005e1
000004e2
00000cf2
000013f5
0000061c
00002631
000013d0
00000be0
000015c0
000014a0
ffffeafe
fffff6b0
0000060e
fffff7dc
ffffddda
fffffcdb
ffffcd37
00000832
ffffe4e5
ffffd06a
0000334f
000004b8
0000241b
ffffbc21
000000c9
000012db
000009b8
000002bc
00000cb6
00000fe6
000000ce
000027ed
00001378
00000996
000012e0
00001436
ffffefde
fffff4f5
000007d6
fffffa1e
ffffdffc
fffffdd2
ffffd282
0000093d
ffffeb8f
ffffcdb0
000036ef
00000061
00002535
ffffc0bd
00000147
00000d60
000006b7
0000062c
00000ae3
00000a4a
fffffea8
00002b5b
00001432
00000b3a
000015a7
000015be
fffff413
fffff0a8
00000859
fffffc4c
ffffe04c
ffffff6d
ffffd20d
00000c9b
ffffecfe
ffffcd2b
000034d6
fffffd4e
0000242b
ffffc0e1
fffffe65
00000f89
0000056f
00000614
0000083e
00000b87
fffffdff
000029c3
00001418
00000931
0000109c
00001382
fffff25a
ffffec05
0000076e
fffffac9
ffffe2ed
fffffee5
ffffcfca
00000c15
ffffea32
ffffcc97
0000368c
ffffffcd
00002698
ffffbfa5
fffffeb2
00000d78
00000acb
000009c4
00000994
00000f21
00000712
00002ea7
000014aa
00000cf6
000013dd
00000ea8
fffff2d6
ffffe902
00000652
fffff9c3
ffffe085
ffffffd1
ffffd324
00001339
ffffe512
ffffca1d
00002ad0
ffffff8c
0000224a
ffffc262
fffff60f
000008a2
00000b2a
00000890
00000ce7
00000d19
0000122f
00003f04
00001449
00001120
000018bd
00001192
fffff202
ffffdf32
00000c98
fffffb43
ffffe4e0
000001a3
ffffcf96
00001978
ffffcc72
ffffcb03
00001fa5
000008fe
0000121b
ffffb47a
fffff044
0000196a
00000524
0000045f
00000afd
00000acb
00000f07
00003d5c
00001068
0000083a
000011d9
00001336
ffffe49e
ffffe3eb
00000fb7
fffffa10
fffff5a9
fffffe98
ffffb53b
00000cee
ffffb832
ffffcc39
00002d5e
000018a8
00000e8a
ffffa812
fffffa04
000026e1
000008b1
00000705
00000c98
00000d9b
000010f2
00003423
00001045
0000093f
000015b8
00000fa8
ffffdca9
fffff616
00000e1e
fffff81c
fffff785
fffffbe2
ffffa3ee
000008e0
ffffbc71
ffffcb8c
00002a0c
000019d3
00000dc2
ffffa8a0
fffff7cc
000025b1
00000a51
000006b0
00000cf0
00000e9f
00001071
00003216
00001410
00000aed
000014a5
00000ccf
ffffe071
fffff53c
00000b82
fffffb71
fffff6d9
fffff999
ffffa69c
00000a64
ffffbd16
ffffc70b
0000269b
00001837
00000d07
ffffa87a
fffff819
000024ba
000007be
0000088b
00000c67
00000e05
00000fe6
00003392
0000145f
000009e2
00001726
00000d0f
ffffe24a
fffff4d8
00000c36
fffffd66
fffff71f
fffffa42
ffffa4ac
00000c67
ffffb92c
ffffc6c0
00002599
0000181b
00000d9d
ffffa6f1
fffff7c4
00002751
0000084b
000009b8
00000c49
00000f46
00001031
00003368
0000107e
000006e0
000014bc
00000c63
ffffdfe1
fffff30c
00000bff
fffffc44
fffff6e8
fffffada
ffffa53c
00000cc9
ffffb8f6
ffffc80a
0000280f
000019bc
00001350
ffffa713
fffff626
00002a80
000007ee
00000997
00000df0
00000f38
00001539
0000399d
00000d8e
00000a9d
00001825
00000b61
ffffe0b3
fffff234
00000bd5
fffffae4
fffff403
fffffbd3
ffffa977
00000ef3
ffffb80a
ffffca4b
000025a1
000016ca
fffffe4c
ffffa473
fffff81f
00002b08
0000111a
0000025b
00000c8c
00000763
000000af
0000231e
00001870
0000083a
00000c75
000013fc
ffffe68c
fffffc0b
000006d6
00000526
00000754
fffffc6f
ffff97b4
fffff2ea
ffffcb26
ffffc08c
00003a2c
00001ca9
ffffaddb
ffff6efd
00001c37
000015ba
00002956
fffff294
000026b7
00001186
ffff98ce
ffff8372
00001656
ffffcfde
ffffcae0
0000148e
ffffe0dc
0000635b
ffffec00
000016dd
000022c2
fffff1af
ffff7ecb
ffff7ddb
00004375
ffff9d04
000089d6
00002403
00001e0c
00002bc6
ffffbc02
ffffedcf
00002d80
fffffc95
ffffd220
00000b2e
00005c23
00006b42
000005c0
fffffb91
ffffd2e7
000003e3
ffffc235
ffff4531
000014fc
00000a22
fffffff2
000015a8
00001b0e
000053d8
ffff8494
0000086e
00000763
00003ecc
00000c59
ffffafcb
fffff112
00002903
00001150
0000047f
000003e6
00000ed4
00000f1d
000034aa
00000cd8
000004ad
000008a5
00000938
ffffe45e
ffffe62c
00000946
00000293
fffffe89
ffffff4d
ffffb587
0000073d
ffffc0e7
ffffc7a7
00003185
000015cc
00000e5d
ffffab4f
fffffc03
00001e14
00000eed
000008ac
0000151c
00000f75
000007e7
000031f1
00000fef
00000c43
00001aa0
00000d85
ffffed2a
fffff542
00000a72
fffffee7
ffffecc0
fffffbaa
ffffb98a
00000eeb
ffffcca1
ffffc21a
00002931
00000f74
000000a2
ffffab2d
ffffee71
000017f6
00000bfb
000004fd
00001696
00000bc5
00000a5c
0000366f
00000e61
00000e8f
0000121a
00000c43
ffffe5c8
ffffeed7
00000cf7
0000010b
fffff6cd
fffffde5
ffffb656
00000936
ffffbae4
ffffc3f3
000028c6
00001b48
ffffed2c
ffffa0e8
fffff4b8
00001203
00000d1c
00000595
00001cca
00000acd
00000a90
000026b8
00000db8
00000b28
000017c3
0000060d
ffffd789
00000070
00000dfb
000001b1
fffffa05
fffff900
ffffa836
00000287
ffffb0f9
ffffc67e
000020b1
0000260f
fffff347
ffffa3b9
fffff5aa
000014a9
fffffd2f
0000107d
00001ad3
0000072a
00001aa3
00002d34
00000a3b
00000c40
000025cd
0000051f
ffffc7c0
00000340
00000f57
ffffffcc
ffffeca7
fffff6a9
ffffa057
00000f69
ffff9d33
ffffda29
00001240
000028da
0000008e
ffffacb6
fffff7cc
00002fff
00000108
00000e8d
0000072a
0000070a
00002813
00003959
000007db
000007a4
000021cd
000003f4
ffffbe22
fffff118
00001015
fffffbbc
fffff1dd
fffffa11
ffffa0a8
00001604
ffff9a92
ffffe741
00001c96
000027db
00000793
ffffaec6
00000204
00003d34
000016a2
00000696
fffffcbc
0000086f
0000122a
00003342
00000beb
000001be
00001448
00000612
ffffd4d4
ffffea1e
00000ccf
fffffcf1
fffffee2
ffffff10
ffffac72
0000093b
ffffc4b9
ffffd333
000038d2
000017d7
00001573
ffffb244
00000435
00002937
00001364
00000341
000001fc
0000051e
fffffb11
0000347e
00001029
00000794
0000194a
00000884
fffff650
ffffed98
00000cb6
fffffb19
fffff5df
fffffdbe
ffffc585
0000082b
ffffe441
ffffbef1
00003e32
fffffca9
000017bb
ffffb821
fffffed5
00001f34
00000a3c
000003e1
0000032b
00000187
fffff47c
00003839
00000de7
0000089f
00001794
00000c63
fffffd4f
ffffe72e
00000ce4
fffffb85
fffff551
00000213
ffffcb2d
000006a8
ffffe45b
ffffbf46
000043bf
fffff98f
000015eb
ffffb892
ffffff55
000022b2
00000979
0000036e
000003a3
ffffff85
fffff49a
000037c5
00000dd5
000008ff
00001738
00000ca2
fffff95d
ffffe920
00000e37
fffffbcf
fffff4b9
000002a8
ffffc77f
000006a8
ffffe44c
ffffc287
0000442f
fffffb0e
000015a6
ffffba99
0000016e
00002071
00000cd0
000004b7
ffffffdd
fffffd7b
fffff6e3
000039dd
00000f14
000009af
00001881
000009c2
fffff973
ffffe59b
00000e2a
fffffb7e
fffff5b8
000002ea
ffffc969
00000abc
ffffe487
ffffc18b
000040c5
fffff910
000015d7
ffffbb7c
00000006
00001ec2
00000a8f
0000056e
fffffdf1
fffffd18
fffff74c
00003b18
00000f10
00000919
000017d9
0000094d
fffff98c
ffffe18d
00000e05
fffffaf4
fffff84a
00000399
ffffc7b2
00000ae8
ffffe0b4
ffffc13e
00004031
fffffa63
0000155a
ffffbade
0000003e
0000203b
00000b1a
0000051d
fffffd97
fffffe0b
fffffa2c
00003c98
00000f16
00000a4b
000018fb
00000965
fffff7a5
ffffe1ec
00000f62
fffffa16
fffff95d
000003ad
ffffc3a0
00000bd9
ffffdc1e
ffffc1b4
00003d3c
fffffcb2
0000139e
ffffb88d
ffffff7d
00002275
00000b01
00000491
fffffc59
fffffda7
fffff9a2
00003c4b
00000edc
000007c8
00001769
0000094a
fffff5f5
ffffe24d
00001035
fffffa04
fffffcca
000002a6
ffffbeb4
00000a3a
ffffd939
ffffc0d1
00003e3b
fffffee7
000012ac
ffffb591
000001fd
00002503
00000afc
000004d3
fffffcdd
fffffe98
fffff8e3
00003984
00000cfc
000006e7
00001774
00000a0c
fffff463
ffffe65c
00001082
fffff968
fffffe42
00000362
ffffb99d
00000766
ffffda84
ffffc0de
00003efc
ffffffe2
0000118b
ffffb4d6
00000278
00002485
00000b14
0000035a
fffffdac
ffffff5e
fffff74f
000036f7
00000e30
000007b4
000016c2
00000a67
fffff41f
ffffe97d
000010c4
fffff8c5
fffffd60
0000020e
ffffb9b7
000005c8
ffffdd22
ffffc00b
00003f3e
ffffff5d
0000124c
ffffb51d
000002c0
0000241c
00000a83
000003d1
fffffcc1
00000081
fffff66b
0000357f
00000f17
000007fe
000017bb
000007db
fffff484
ffffeac0
00001030
fffff8b3
fffffbf9
00000083
ffffbc77
000006c8
ffffde00
ffffbf6f
00003e28
fffffdae
000012a5
ffffb634
0000010b
000022e3
00000cb3
000003f7
fffffd64
0000017a
fffff8cf
0000371b
00000e56
00000954
00001865
0000062e
fffff6ce
ffffe8a2
00000f90
fffff9f1
fffffb7b
00000134
ffffc11d
000008ad
ffffdd07
ffffbefa
00003bce
fffffd46
000010e6
ffffb644
fffffdcc
000023cc
00000a8a
00000417
0000000f
ffffff49
fffff8a3
0000373c
00000d73
000009ce
00001727
000007e9
fffff7f2
ffffe6f9
00000d7c
fffffc9e
fffffb19
000001f3
ffffc0ed
00000752
ffffdbc5
ffffc004
00003e81
fffffe08
00001192
ffffb6e1
fffffe21
00002326
00000b93
00000576
00000164
fffffd8e
fffff976
00003840
00000ec2
000009b1
000017f8
00000871
fffff824
ffffe7f6
00000d06
fffffdce
fffffa42
000001b4
ffffbffb
00000989
ffffdb6a
ffffc06c
00003c17
fffffdb7
00001281
ffffb924
fffffdeb
000022ba
000009be
000005f9
ffffff0d
fffffe8d
fffffb54
00003826
00000df3
0000090f
00001625
00000b4e
fffff676
ffffe4e2
00000d1e
fffffd23
fffffad8
000002d8
ffffbcd2
00000a51
ffffd996
ffffc28f
00003bae
ffffffe8
00001359
ffffb717
fffffdb7
00001f69
00000bee
00000559
0000011e
0000014d
fffffda7
00003897
00000f55
0000086f
000013c2
000008aa
fffff461
ffffe58f
00000dd4
fffffb99
fffffa67
0000013a
ffffbdd1
00000d8b
ffffd7b7
ffffc054
000035e2
00000149
000013a0
ffffb1dc
fffffbf9
000016bc
00000969
00000925
000004d8
00000432
000002a9
00003aca
00000fe6
000006ff
0000175e
000004fc
fffff0ab
ffffe5f3
00000d8d
fffffaf6
fffff944
fffffe7f
ffffbc7d
00001127
ffffcb4d
ffffbf9c
00002d4a
0000069f
000011b3
ffffac8d
fffff83b
00001eb5
0000030e
00000abd
000008c7
0000088c
00000a96
00003885
00000d14
0000078d
0000194a
00000b5e
ffffe609
ffffeae9
00000c2d
fffffbd1
fffff7b2
fffffd1d
ffffae51
00000bbe
ffffbd31
ffffc85d
00002e15
000012f0
000010a9
ffffa9b9
fffff8e2
000025f6
00000985
00000714
00000d91
00000ba2
00000f03
000035da
00000e10
000007f9
000016f5
00000fe6
ffffe10b
fffff292
00000c76
fffffc1f
fffff617
fffffbb3
ffffa875
00000a79
ffffbe9f
ffffca78
00002b58
0000176b
0000135c
ffffa8cc
fffff8e9
000026de
000006f2
000007ee
00000d29
00000b6d
00000c2a
000034a2
00000e21
00000721
000015e5
00000f43
ffffe2b6
fffff381
00000bd8
fffffb5b
fffff64d
fffffb9a
ffffa799
000009e0
ffffc125
ffffc957
00002d11
00001588
000015ef
ffffaa1a
fffff999
000026b4
0000078c
000007fb
00000ce8
00000cdb
00000dd0
0000341d
00000d41
0000096d
0000160c
00000fa6
ffffe459
fffff26f
00000ab9
fffffad7
fffff553
fffffd89
ffffa821
00000a3b
ffffc37b
ffffc99d
00002b3a
00001451
000016d8
ffffaaa4
fffff707
0000270a
000007c9
00000854
00000ea6
00000ea2
00000cbe
000032f9
00000ede
00000980
00001273
00000f63
ffffe6b4
ffffeefd
000008b3
fffffb77
fffff3a4
fffffcb0
ffffaaa3
00000ab3
ffffc547
ffffc726
00002c08
00001465
0000197c
ffffaaf8
fffff553
000028c2
00000876
000008c4
00000db1
0000115a
000010ae
00003881
00001028
00000d62
000015d5
00000d39
ffffe8cc
ffffed3b
000008c6
fffffad7
fffff1a1
fffffc1c
ffffae82
00000f11
ffffc0aa
ffffc584
00002798
00001272
000001a6
ffffa72c
fffff7bb
00002855
000010fc
000001cd
00000a9c
00000a0b
fffffcd0
00002212
00001c39
00000a00
00000b5c
000014a6
ffffed08
fffff857
0000062c
00000535
000006c6
fffffb75
ffff998e
fffff3bc
ffffcfbc
ffffbb17
00003913
00001a24
ffffad7f
ffff6ea0
00001c66
000014c7
000029e0
fffff243
00002437
0000133c
ffff955f
ffff8143
00001868
ffffcf90
ffffca09
000012c4
ffffe3de
0000626b
ffffebdc
0000173d
00002433
ffffeffa
ffff7e6c
ffff7d31
000044b8
ffff983c
000089c8
000022fd
00001e1e
00002c6a
ffffb971
ffffed6b
00002bf4
fffffc7e
ffffd093
00000ad3
00005dd2
000069d6
0000077d
fffffbe4
ffffd0f3
000004a4
ffffc241
ffff4439
000012e3
00000b31
00000234
00001446
00001667
00005428
ffff80fd
00000829
0000055b
0000409d
00000ead
ffffb085
ffffefb9
00002978
00001166
0000067d
000005c7
00001184
000014ca
000034f7
00000c00
000005d8
000006fb
00000b53
ffffe355
ffffe608
00000906
00000350
fffffdf9
00000176
ffffaf3e
00000a95
ffffbc12
ffffc926
00002a1b
0000192e
00000540
ffffa0dd
fffffaa6
0000163e
000013ed
000009c0
000019f1
00000fd4
0000062e
00002778
00001215
00000333
00000f92
00000be8
ffffe866
fffffb49
000005d3
000000d6
fffff24b
fffffadc
ffffb358
000006fa
ffffcbb5
ffffbcff
00002a43
000015b0
fffffcfa
ffff9a79
fffff6c3
0000041c
00000557
00000e6a
00002491
00000fd8
00000d2a
00001e44
0000119d
00000823
0000147b
00000d34
ffffd86d
00000b7c
00000340
fffffed2
ffffedf4
fffff930
ffffaaa2
fffffd74
ffffbc1d
ffffc930
0000205a
0000220f
fffff1f8
ffff9916
fffffa23
fffffc86
00000210
00000b2b
00002ead
000018c4
00001907
000005a5
0000129e
000007be
00001659
00000e15
ffffbf09
00002035
00000275
fffffdf8
ffffe2e3
fffff0ff
ffffa22c
fffff906
ffffb263
ffffdb9d
00001165
0000340e
fffff2e6
ffffab1c
fffff92f
ffffe9ab
000008f0
000011b9
0000386e
0000245f
00003146
00000729
00001202
0000149d
00001d4a
000014fc
ffffb2e1
00001ec1
00000912
0000000a
ffffcf99
fffff3c4
ffffa749
00000e2f
ffffa5c6
ffffeb71
ffffe868
0000430c
ffffed9d
ffffc336
ffffe283
fffff026
000000b0
000009a9
00002bfa
00001fb3
00004a7b
00002641
00000ca8
00002434
0000229b
00001401
ffffa426
00000149
0000195e
ffffff16
ffffd1c2
fffff4b9
ffffa418
00002334
ffff7601
fffffd90
ffffd078
000052f9
ffffda36
ffffb866
ffffe340
00001cd8
000008bc
00000521
00000a3c
00000f61
00004687
000031f3
000008d2
000010bc
00001828
fffffecc
ffff9866
ffffed9c
00001be8
000001a5
fffff918
fffff2f0
ffff8c52
000020d8
ffff628d
fffff6e7
ffffebce
00005428
ffffe524
ffffa52c
fffffb6c
000037b0
00000e13
00000f7a
fffff74b
0000078e
000032fb
000031f6
000007cf
0000020b
00001e3d
fffff23c
ffffa9df
fffff162
00001313
00000059
00000887
fffff545
ffff86e8
00001bcf
ffff802c
ffffe32b
000009b5
00003832
fffffbcc
ffffa4bd
00000213
00003594
0000105c
00000f92
fffff899
000007e6
00001f96
000034b8
00000c0a
00000088
00001c7d
fffff9d7
ffffc832
ffffed0a
00000c05
fffffe38
0000044a
fffff9db
ffff9b4f
00001463
ffffa5bf
ffffd2e8
00002299
0000206d
00000ac7
ffffa905
ffffffd8
00002a49
00000fb7
00000c1f
000003d0
00000b6d
00001004
000034af
0000116e
000005dc
000018db
000006ee
ffffdf3d
ffffec04
00000916
fffffcbd
fffffa88
fffffca1
ffffabc2
00000da0
ffffbfee
ffffc7c5
00002e6d
00001537
00001001
ffffab8d
fffffbde
000021a2
00000b25
000008be
00000b1a
00000c1e
000009a4
000035bb
0000138b
000009b7
000018c0
00000c4b
ffffe72a
ffffee24
00000b09
fffffafc
fffff3d5
fffffc3a
ffffb231
00000b77
ffffc5a1
ffffc49f
00002ecb
0000119c
00000fe3
ffffab90
fffffb3f
0000217e
00000889
00000840
00000986
00000b7d
00000b1d
00003785
000012eb
00000a08
000019f4
00000c46
ffffe4a6
ffffee70
00000c9e
fffff95e
fffff485
fffffbcb
ffffb005
00000bee
ffffc156
ffffc699
00002dcb
000012ae
00000ff1
ffffab6b
fffffc0d
0000226f
000009a1
000008a8
000008be
00000af4
00000d8e
00003883
000012a2
00000944
00001a04
00000b87
ffffe247
ffffed85
00000d5a
fffff909
fffff63a
fffffc08
ffffacf3
00000d27
ffffbf00
ffffc7b7
00002be2
0000147d
000010ab
ffffaa61
fffffb22
000025e3
00000851
000008dd
000007e9
00000b8c
00000de2
000038d5
00001190
000008fb
00001947
00000c38
ffffe1a8
ffffece2
00000d17
fffff8fa
fffff748
fffffc27
ffffa9d3
00000c55
ffffbd1a
ffffc7e1
00002d2c
00001591
00001034
ffffa7cd
fffffc09
000027c7
00000aa6
0000077f
0000085f
00000c65
00000c80
0000373b
0000115e
0000076f
00001785
00000c0e
ffffe244
ffffef62
00000ceb
fffff8af
fffff8ff
fffffbf4
ffffa8f8
00000a06
ffffbfbe
ffffc5d7
00002ef9
000014fa
00001119
ffffa6ba
fffffdd6
0000267b
0000084b
00000844
000009aa
00000b7e
00000949
000034fd
000011ed
00000708
000018b1
00000d41
ffffe3ae
fffff28d
00000c7c
fffff90e
fffff7f3
fffffba9
ffffa7bb
00000828
ffffc35e
ffffc556
00003097
00001359
000013dd
ffffa81a
fffffdb2
0000265b
0000077c
00000813
000009e5
00000dd0
00000939
000033be
00001233
00000819
000018d9
00000d8b
ffffe45c
fffff2e0
00000c97
fffff7ff
fffff528
fffffa91
ffffaa3b
0000091c
ffffc571
ffffc5e6
00002f9c
000012aa
00001439
ffffa919
fffffbb1
00002512
00000a81
00000782
00000a2d
00000fc3
000009f0
00003263
00001341
000008ea
0000165b
00000c99
ffffe68b
fffff150
00000a83
fffff924
fffff46b
fffffa12
ffffaee1
0000090e
ffffc7ac
ffffc3e9
00002ea6
000011d0
00001396
ffffa9ae
fffffa9e
00002360
0000099d
0000087b
00000c65
00000f4a
0000096a
000031cd
000014a3
00000a26
000016ff
00000da4
ffffe8c0
fffff1e2
000008cc
fffffb28
fffff2ce
fffffaa5
ffffaf25
000008b4
ffffc7ea
ffffc38d
00002e31
00001180
000012fd
ffffab66
fffff9d2
000023a2
0000098d
000008be
00000c4e
00000e64
00000b41
00003388
000014d8
00000bc3
000017e4
00000dfe
ffffe865
fffff07d
00000975
fffffb84
fffff235
fffffb57
ffffaec4
00000ad7
ffffc59a
ffffc4f4
00002c69
00001260
00001309
ffffac70
fffff9df
00002419
00000928
00000883
00000a3d
00000bc2
00000c6c
00003602
00001278
000009d6
000017b1
00000d3d
ffffe6f5
ffffedfe
00000af4
fffffb45
fffff418
fffffc85
ffffae35
00000c46
ffffc315
ffffc695
00002c19
000011ee
00001331
ffffaaa4
fffffb05
000024e2
00000994
000008a0
00000939
00000bd4
00000b6e
00003596
000010c0
00000738
000015c7
00000d48
ffffe5fb
ffffee31
00000b19
fffff9e4
fffff71f
fffffd2b
ffffac6a
00000a8b
ffffc3ef
ffffc63b
00002e81
00001280
00001455
ffffa964
fffff9ff
0000255a
00000939
0000075b
00000b07
00000e82
00000c10
0000334f
0000113c
000009fb
0000157d
00000d62
ffffe638
fffff1ab
000009ee
fffff8f3
fffff5b2
fffffb99
ffffacc1
000008c2
ffffc54b
ffffc5b1
00002dc7
0000127d
00001490
ffffaaf0
fffff78a
00002594
00000992
00000764
00000dc2
00000f9b
00000d9f
00003498
0000118d
00000c72
00001614
00000db6
ffffe7bc
fffff0e4
0000097c
fffffaf1
fffff351
fffffc6f
ffffade2
00000aef
ffffc354
ffffc5db
00002a9c
00001323
000010f9
ffffaadf
fffff64a
0000273c
000009fa
0000083e
00000cfb
00000c12
00000d73
00003708
000011dc
00000b79
00001572
00000e18
ffffe7fc
ffffeddb
000009c6
fffffd67
fffff5cd
fffffde4
ffffab69
00000b44
ffffc05d
ffffc586
00002c71
00001435
00001012
ffffaa33
fffff697
00002abc
000009e8
000007b3
00000b1c
00000bfc
00000d37
00003760
00000fdf
00000c35
000015ab
00000d80
ffffe78f
ffffedf6
00000a54
fffffb94
fffff888
fffffe5c
ffffa906
00000a6e
ffffbf99
ffffc560
00002d3f
00001464
00000de1
ffffab79
fffff662
00002aba
00000b95
00000611
000009d7
0000095f
00000d2e
000037d4
0000110b
00000d85
0000150e
00000ca1
ffffe8a9
ffffed66
00000ad7
fffffc80
fffffba3
fffffeaa
ffffa708
000009d7
ffffbfda
ffffc415
00002c2a
00001378
00000c93
ffffaa70
fffff6a5
00002a97
0000097d
00000773
00000859
0000092f
00000a80
00003645
0000115d
00000ae6
000013ad
00000b06
ffffe908
ffffec4a
00000a4e
fffffd46
fffffd6e
fffffd83
ffffa484
00000b46
ffffbe6d
ffffc1c3
00002c39
000013a8
00000f37
ffffa970
fffff6fe
00002ab8
00000950
000008d2
00000764
00000b40
00000f26
00003ab1
00000f7e
00000b92
0000165c
0000087a
ffffe72a
ffffec43
00000bf9
fffffbc1
fffffc46
fffffd84
ffffa527
00000fd9
ffffb8fa
ffffc2c7
0000273b
0000137f
fffff932
ffffa46f
fffff96b
00002915
00001088
00000288
000005f3
000004d9
fffffd7b
0000229c
0000191d
00000867
00000bcc
00001105
ffffe7d2
fffffa22
00000869
000005b0
00000f51
fffffcaa
ffff8f2e
fffff3ec
ffffc7ee
ffffbb32
000036d5
00001c7e
ffffa983
ffff6b34
00001d7b
00001845
000025df
fffff325
000021c3
000010db
ffff972c
ffff8078
00001481
ffffcda5
ffffca7c
00000fa8
ffffdcc5
000065a0
ffffed36
00001602
00002881
fffff0b8
ffff7538
ffff7cfe
00003d7d
ffff9bca
000088a9
00002592
00001e54
00002e94
ffffb7df
fffff093
00002b1e
fffffb6c
ffffceab
00000837
00005e76
00006bfe
00000577
fffffccf
ffffd184
000005ff
ffffc317
ffff4317
00001472
00000b60
00000474
000015ba
000013a9
0000539f
ffff7f0d
000009dc
000005c7
0000405f
00001170
ffffb0a9
ffffef2a
00002c38
0000112a
0000062c
00000438
00000e39
000015ff
000038b0
00000894
00000336
000004e1
00000a2a
ffffe49c
ffffe2a3
00000968
00000259
000000b2
00000366
ffffaefa
00000cd6
ffffbbd4
ffffc97a
00002a80
00001653
000012ba
ffff9b5d
0000003d
00002bab
00000444
00000d85
00000f90
00000971
fffffc45
0000257a
000010b3
fffff86e
00000dfb
00000a6c
ffffe760
fffffce2
00000045
fffffe9d
fffff1ec
fffffa20
ffffad49
00000036
ffffd688
ffffc27d
000043fc
00000917
00002138
ffff9bf7
00000e62
000021b7
00000711
0000118b
00000fd4
000010db
fffffa57
000016ac
000019cb
fffffcb8
00001489
00000eb5
ffffe99b
00000e17
fffff915
fffffa6f
ffffe4f0
fffff87d
ffffbb56
fffff810
fffff3b8
ffffc5f6
000046c4
fffffef2
00002d3a
ffffafbb
00000ea0
00000b3b
000005b2
0000073a
00001841
00001a20
fffff298
00000275
0000202a
000004b7
00001267
00001ae1
fffff578
000012e4
fffff6f3
fffff9f4
ffffd100
fffff5a2
ffffd4f0
fffff27c
000010e7
ffffcabc
00004447
fffff8ea
00002b5d
ffffbb49
00000b9b
ffffd843
000012a1
00000a49
00002a8a
00001f3c
fffff2bc
fffff31f
00002718
000002d0
00000659
00001cbe
fffffc88
00001454
fffff33c
00000041
ffffc0bf
fffff36b
fffff005
fffffc59
00002083
ffffc4ed
00002860
fffffa32
00002507
ffffc8e2
fffffbef
ffff9f7d
000004f9
00001669
00004237
0000298f
000016c0
fffff820
00002291
000013d6
00001367
0000250d
ffffe5b3
000014a9
fffffad4
fffffe85
ffffaae5
fffff556
ffffed64
00000fde
ffffee3a
ffffdc1c
ffffe9c4
00001a44
00000be7
ffffd038
ffffded5
ffffb09b
fffff24a
00000ff5
000046bb
000030f7
00004b86
000008b2
00001170
000021cf
00001795
00002983
ffffa908
00000d47
00000c26
fffff9e7
ffffab80
fffff563
ffffc305
00001ae7
ffff90ef
00000ade
ffffc232
00005386
ffffef1e
ffffc643
ffffdc75
ffffecbc
00000309
000006e8
000030d1
00002ce5
00006a41
00001b66
00000534
00001f78
000016a4
000017fd
ffff8003
000006cf
000019db
fffff8a2
ffffca36
fffff4f5
ffff9a69
000023fa
ffff5ea3
000019fd
ffffbad5
00006d77
ffffe448
ffffb8e4
ffffe6ad
00001b34
00000a2a
000006a2
00001158
00001963
00005ddf
00002d5c
000001d7
00001388
000019d4
000003a7
ffff8545
fffff8f1
00001b69
fffffb76
ffffec7d
fffff616
ffff88fc
00002426
ffff5c13
00000a53
ffffd970
00005d74
ffffeb36
ffffab73
fffff745
00003285
00000f46
00000b6b
fffffc76
00000ad9
00003f7b
00003486
00000677
0000045d
000019ef
fffff9d6
ffffa14a
ffffefa8
00001410
fffffd44
00000235
fffff819
ffff89d2
00001d9b
ffff7b3b
ffffeeb2
00000385
00003f63
fffffe72
ffffa609
000001de
0000310e
00000f74
00000ed3
fffffbf4
00000a2b
00002400
00003394
00000ca0
0000009f
000019c4
fffffef0
ffffc22c
ffffee9b
00000d42
fffffbe0
00000275
fffffac0
ffff9696
000014fb
ffffa2ff
ffffd791
00001dd7
0000268c
00000e7c
ffffa8e5
ffffffc9
0000284c
00000b4a
00000be4
0000046b
00000dee
00001508
00003461
000010f3
0000066e
000019e8
000008b9
ffffd870
ffffef59
00000bbf
fffff9a6
fffff851
fffffb7f
ffffa4ae
00000f37
ffffb8f9
ffffccad
00002738
000019cf
000013d6
ffffab85
fffffbef
00002485
000009c7
000008f9
0000081d
00000ef1
00000f94
000035ed
000013f4
00000958
00001857
00000e01
ffffe1c4
ffffed8d
00000bd0
fffff944
fffff4ca
fffffade
ffffa9bf
00000d37
ffffbfdf
ffffc7e7
000029d2
00001648
000014b4
ffffab13
fffffaaf
00002524
000009b0
0000089a
000008e2
00000f59
00000dee
00003711
000013b4
000009f9
0000178c
00000dce
ffffe45f
ffffec9c
00000c18
fffff8d2
fffff59e
fffffb2f
ffffa91e
00000cf4
ffffbfec
ffffc55d
00002a18
000015d3
00001247
ffffa8a0
fffffa52
000027bc
00000950
00000786
0000084c
00000ee5
00000c53
00003656
000012f3
000009ae
000016d7
00000d78
ffffe4a8
ffffedae
00000c4c
fffff91a
fffff893
fffffb50
ffffa5f5
00000a18
ffffbf68
ffffc3c4
00002c59
00001625
000010ea
ffffa783
fffffbb1
000029a2
00000931
0000074d
00000828
00000e04
0000099a
0000344d
0000139a
00000a3b
000017f7
00000ce9
ffffe5b4
fffff07f
00000c28
fffff98d
fffff988
fffffa82
ffffa3e2
0000088e
ffffc190
ffffc255
00002d76
000014fc
00001170
ffffa979
fffffb4d
0000293e
00000947
000006fc
000006b3
00000e2b
0000093c
0000342a
000013ab
00000afd
000017fa
00000c5d
ffffe7c5
ffffef41
00000c1f
fffffa1c
fffff989
fffff9d7
ffffa532
00000a3f
ffffc282
ffffc154
00002bd6
00001387
00000eef
ffffa95d
fffffa62
00002877
00000b09
0000066d
0000069e
00000dd3
00000771
000032c0
00001327
00000994
00001504
00000b72
ffffe8d8
ffffeeee
00000be4
fffffc01
fffffbe3
fffffa41
ffffa58b
00000942
ffffc36d
ffffbf66
00002cb2
000013a2
00000c73
ffffa820
fffffb65
00002514
00000a19
000007e5
0000082e
00000ce0
00000664
000030f3
00001342
000009bb
00001669
00000ba7
ffffe86c
fffff20b
00000bc4
fffffca3
fffffac4
fffffabf
ffffa4a5
000008b3
ffffc3a5
ffffbf7d
00002b82
00001380
00000cce
ffffa974
fffffaf4
000022f4
000007d9
00000974
00000878
00000bf1
000009ea
000031b8
00001322
00000a93
0000184d
00000af8
ffffe52f
fffff1a8
00000bc2
fffffbe4
fffff874
fffffa82
ffffa4be
00000b2c
ffffbfc2
ffffc312
00002796
000014b0
00000d43
ffffab24
fffffa14
0000249f
000008cd
000008e5
0000079a
00000d0e
00000ed2
00003435
0000112f
00000a84
000017fe
00000a8e
ffffe1fb
ffffef17
00000d31
fffffb13
fffff93d
fffffb78
ffffa499
00000d27
ffffbadd
ffffc64d
000024f4
0000176c
00000a7f
ffffa9e5
fffff8e9
0000272c
00000b63
000006f3
0000074b
00000ce8
00000e84
000034d0
00000fd7
000009ba
000015e5
00000aa3
ffffe122
ffffef4e
00000ddd
fffffb6f
fffffc22
fffffbdc
ffffa3fd
00000b14
ffffb9e5
ffffc5a2
000027b4
000018c5
000009be
ffffa7d7
fffff92e
00002857
00000a24
000006c0
00000860
00000ae1
00000cea
000034d5
00000ebd
000009b3
0000175a
00000a4d
ffffe1c2
fffff2b6
00000dce
fffffba6
fffffc99
fffffbcd
ffffa334
000009b3
ffffbaca
ffffc57b
0000294b
00001704
00000a26
ffffa7b4
fffff932
000026dd
0000099c
0000084c
000009b5
000009b3
00000e87
000035cb
00000e81
00000999
00001730
00000a06
ffffe192
fffff156
00000c56
fffffbb3
fffffb90
fffffd10
ffffa45b
00000b71
ffffba4e
ffffc682
0000290c
00001694
00000ad0
ffffa7b2
fffff881
00002645
000008b1
000009b9
00000b63
000009ea
00000fa3
000035da
00000efe
00000952
00001658
00000ade
ffffe022
fffff0a0
00000b66
fffffc28
fffffab1
fffffdac
ffffa31c
00000b93
ffffb8c4
ffffc7c4
0000288a
00001880
00000acd
ffffa6e4
fffff82c
000025e4
000009c1
00000935
00000bd7
00000c01
000011f1
00003596
00000fe5
00000a0e
000016b9
00000b0d
ffffdeb7
fffff1ce
00000ba6
fffffb23
fffff9fd
fffffca1
ffffa2ae
00000bb3
ffffb6ac
ffffc802
00002677
00001a4b
000009e0
ffffa70d
fffff81b
000024e0
0000094a
000008f5
00000c8d
00000b07
000012c7
000034f1
00001042
00000a27
0000175c
00000cc5
ffffdd95
fffff335
00000c37
fffffbf9
ffffface
fffffcb7
ffff9f1e
00000a87
ffffb4fd
ffffc923
000024d5
00001c20
00000ab1
ffffa62a
fffff7ee
00002674
0000081d
00000933
00000ca4
00000bf1
00001391
00003413
00000dee
00000895
00001662
00000cc3
ffffdb49
fffff438
00000c7d
fffffa82
fffffa5f
fffffc9e
ffff9d2d
00000ac1
ffffb34b
ffffcae7
000024c1
00001d70
00000f24
ffffa5f1
fffff6de
000028dd
00000843
00000919
00000d07
00000d61
00001958
00003878
00000afa
000009c4
00001716
00000bdd
ffffda2e
fffff372
00000d1f
fffff8e5
fffff8b3
fffffd7c
ffffa01a
00000dd7
ffffb0eb
ffffcd33
0000218b
00001c24
fffffae4
ffffa181
fffff976
00002885
00001022
00000280
00000d0e
000006de
00000521
000020e2
0000148f
000006b0
00000b88
0000142c
ffffddcf
00000161
000008f1
00000243
00000ae3
fffffe76
ffff8d53
fffff117
ffffc3a3
ffffc4cf
00003454
00002268
ffffad35
ffff6c60
00001cdf
0000184b
00002508
fffff27d
000026dc
000012b1
ffff9f04
ffff8161
000011d9
ffffcfe6
ffffcb55
00001478
ffffd6c0
000068a3
ffffedcb
000012ea
0000232f
fffff29f
ffff75ab
ffff7c75
00003bc7
ffffa46a
00008593
00002955
00001f4c
00002f46
ffffb617
fffff0c3
0000295a
fffffbeb
ffffcf55
000007cf
000060f2
00006e90
00000446
fffffe3a
ffffd31d
00000601
ffffc2bc
ffff41f5
0000151d
00000ac1
00000396
00001635
00001338
00005549
ffff7b18
00000b7c
00000331
00004107
0000108d
ffffb24e
ffffecaa
0000306b
0000126e
00000520
00000391
00000de1
000019de
00003d15
0000068c
00000509
00000431
00000ae7
ffffe3c5
ffffde67
00000ab6
0000027b
0000036e
00000568
ffffac7f
00000e30
ffffb69c
ffffcad7
0000290f
000018ff
00001108
ffffa833
fffffac7
00003c92
00000493
000006d7
00000b18
000009df
00000000
000034e1
00000ad7
00000763
000012fd
000011a9
ffffeb41
fffff254
00000b7b
fffffea2
fffff753
00000125
ffffa4c0
0000050a
ffffcd23
ffffc58c
00003fa9
00000d7d
00000e3d
ffffaf5b
000001b8
000042c2
00001183
fffffd2f
fffffb94
0000049c
fffff180
00003477
0000118c
00000d28
00001392
00000c43
fffff6bf
fffff297
0000103a
fffffe70
00000148
0000000c
ffffb19f
ffffff51
ffffe624
ffffbae6
00004ad6
fffffe98
00000eff
ffffba27
0000082c
00003b68
00000c8c
fffff7fb
ffffecb2
fffff787
ffffd77c
00002ae2
00001446
00000ade
00001720
0000054f
00000d38
ffffef5f
00000e9d
00000186
0000061a
fffffcdb
ffffc1fd
fffffa63
00000196
ffffafde
00005b76
ffffe5b0
00001474
ffffb8e4
00001517
00002ede
00000aea
0000017f
ffffe71a
ffffee23
ffffbd57
0000131c
0000178b
fffff62a
00000991
00000134
00001be8
fffff434
00000111
00000888
000004df
fffffe01
ffffcfc8
fffff1ca
00002c72
ffffa748
000071e5
ffffcef3
000028d3
ffffbafc
00002658
fffff5dc
00000f08
00001008
fffff82c
fffff788
ffffba20
fffff6d4
000022d7
fffff0e4
0000095e
00000302
000025c9
00000644
fffff298
00000677
ffffe7ec
fffffb44
fffff184
fffff494
0000563a
ffffa43d
00005e51
ffffbfc2
000036aa
ffffd1cc
0000186e
ffffa811
00000962
000017e7
00001f95
0000141f
ffffdd76
ffffebcd
000024ec
00000337
00000e37
00001825
00001816
00000a48
fffff2d6
000000cc
ffffbb44
fffffbed
00000c8c
000002e8
00004104
ffffbcbd
00002078
ffffddc4
00002b48
ffffde7c
fffff2ca
ffff8e86
fffff8b1
00001329
00003e00
000027bd
00001c86
fffffa79
00001ad2
00001745
000011da
0000266f
ffffe0ad
000009e2
000000d5
fffffa8c
ffff9f4a
fffff83e
fffffee8
000015c0
ffffe84c
ffffed36
ffffe037
000018ef
000011a7
ffffda00
ffffe20b
ffffb632
fffff8ed
00000f99
00003a57
00002bce
00005806
000013d7
00000b56
00001e54
00001807
000021bf
ffffa09a
00000356
00000fbe
fffff695
ffffab70
fffff950
ffffd07d
000025fe
ffff8f5d
00001696
ffffbf9c
00004d21
fffffbe5
ffffcdc2
ffffe079
fffff3b0
00000281
00000815
0000241a
0000236b
00006927
00002a31
000002d9
00001b13
00001839
000016cd
ffff8678
fffff6b4
00001976
fffff63f
ffffcd66
fffffbc6
ffffa7e5
00002833
ffff674e
00001d6a
ffffcb91
00005fa4
fffff696
ffffbc53
ffffeb8a
00002387
00000a69
0000058b
00000a3f
00001421
000052ab
0000359b
0000043e
00000f43
00001736
00000733
ffff94dd
ffffee1f
00001849
fffff7f8
ffffeddd
fffffa12
ffff95a3
0000226f
ffff7298
000004e4
fffff0c4
00004cb8
0000002e
ffffb0ef
fffffa75
00003398
000010cf
0000099b
fffffb98
00000c74
0000323d
00003860
00000ae4
0000061c
0000171f
000001c5
ffffb858
ffffe83b
000011d6
fffffa55
ffffff8b
fffffb75
ffff9645
00001aab
ffff972e
ffffe3c2
000011e7
00002f92
00000b7f
ffffad67
fffffd8e
00002f2b
00000ff0
00000a17
fffffcfb
00000b67
000017c2
000037c7
00001190
00000641
000015f8
000006f4
ffffd833
ffffe6cd
00000d7c
fffffbe8
000000c6
fffffc17
ffff9eb5
00001241
ffffb456
ffffcb51
000024b4
00001c2b
00000fc6
ffffaa74
fffffb81
000027b7
00000cdb
00000849
0000032e
00000de4
00000bd9
00003615
000013c6
00000830
00001529
00000b6a
ffffe68a
ffffea6a
00000d19
fffffa91
fffffe26
fffffb5f
ffffa2fd
00000cb1
ffffbece
ffffc03a
0000293e
000015c4
00000eee
ffffa79f
fffffa00
000026bc
0000082b
00000826
00000691
00000d38
00000a2e
000034ea
0000138d
000009e5
000016a3
00000c45
ffffe640
ffffef50
00000ce3
fffffa4d
fffffcb0
fffffab3
ffff9f7c
000009b1
ffffbcf1
ffffc055
00002934
0000160b
00000c3d
ffffa6d3
fffffa98
00002821
0000097a
000007b7
000006d6
00000dcf
00000c16
000032e2
0000141e
00000a6e
0000170c
00000c2c
ffffe383
fffff1ea
00000d2c
fffffab6
fffffdc8
fffff9db
ffff9be7
0000094a
ffffbaec
ffffc176
00002711
000018d8
00000bcd
ffffa754
fffff989
000027d2
0000090c
000007ec
0000071b
00000d9e
00000da6
000032a2
000012ec
00000a90
00001710
00000b7d
ffffe295
fffff252
00000d59
fffffb4a
fffffd41
fffff9bd
ffff9b94
00000aaa
ffffb895
ffffc28d
00002462
00001950
00000a95
ffffa562
fffff94c
000028a9
000008d0
000008c7
00000796
00000d5f
00000d93
0000308e
00001163
000007c5
0000147e
00000b02
ffffe0f8
fffff30d
00000c17
fffffbc2
fffffe82
fffffab2
ffff9a38
000008d1
ffffb8b9
ffffc378
00002619
00001a3b
00000b41
ffffa3ff
fffffc0b
00002701
000008e1
000009e3
000009e0
00000d42
00000d8e
00002d0e
00001170
00000707
00001516
00000b5a
ffffdfa7
fffff791
00000a9e
fffffbdf
fffffbc3
fffffa78
ffff9af1
00000767
ffffbc9d
ffffc4e5
0000263d
0000191b
00000f32
ffffa778
fffffc4f
0000230c
00000780
00000a33
00000b09
00000f33
00000f90
00002dcb
0000121c
000008dd
00001702
00000d99
ffffdf54
fffff79f
00000b64
fffffa53
fffff6c6
fffffa72
ffff9ed5
000009f1
ffffbd92
ffffc802
00002304
000018da
00001135
ffffaa6f
fffff9dc
00002158
0000089c
00000963
00000ab7
00001049
000012b6
00003001
0000121e
0000099a
000015a6
00000cf2
ffffde98
fffff338
00000bb6
fffffa05
fffff578
fffffa30
ffffa335
00000cc7
ffffbb82
ffffc937
00002083
000019f1
0000109e
ffffa811
fffff8e3
000022b2
000008e5
0000096a
00000bb2
000010f2
000012d5
00003025
0000106f
00000763
0000144d
00000c99
ffffddfb
fffff37f
00000b19
fffffa42
fffff638
fffffac3
ffffa3b6
00000ae8
ffffba10
ffffc940
00002349
00001aa4
0000114a
ffffa5f7
fffff947
0000247a
00000910
000009b5
00000e71
0000115a
00001383
000030b9
00000fcf
0000085a
000015d5
00000e1c
ffffde04
fffff69b
00000a82
fffff9d4
fffff449
fffffb62
ffffa4c8
00000988
ffffbb66
ffffca38
0000250c
00001a25
00001263
ffffa781
fffff8af
000024b5
00000815
00000891
00001004
00000fb4
000013ae
0000329e
00001004
00000946
00001676
00000fb0
ffffde88
fffff60c
00000aa8
fffff9c0
fffff29c
fffffbe0
ffffa6e4
000009c5
ffffbc44
ffffcbf8
000026ad
00001924
0000121f
ffffa861
fffff926
00002422
000009cd
000008e4
00000f94
00000f21
00001236
0000331c
000010f3
0000087f
00001505
00000fe1
ffffdf49
fffff431
00000a92
fffff9f0
fffff39e
fffffc73
ffffa78b
00000a35
ffffbe11
ffffcaf1
00002856
00001943
000011a0
ffffa834
fffff922
00002266
00000993
00000876
00000f9a
00000f1c
000011bf
0000328f
0000106e
00000920
00001572
00000fa8
ffffdf93
fffff4ff
00000b00
fffff9c7
fffff3c9
fffffc50
ffffa7b6
00000993
ffffbe3c
ffffca4a
0000277b
00001905
0000106b
ffffa81d
fffff8bc
0000221e
00000850
000007d4
00000fc1
00000e10
000011c3
00003277
00001002
000009b8
00001668
00000fe7
ffffdec3
fffff686
00000bb0
fffff9ce
fffff47f
fffffc6f
ffffa607
000008bc
ffffbc7e
ffffcb59
000026fb
0000198b
000010ee
ffffa875
fffff8b8
000023d1
0000085c
00000897
00000f8c
00000e4b
00001398
00003323
00000d7e
000008a4
000015f6
00000f44
ffffdd0f
fffff592
00000bec
fffff924
fffff399
fffffd3d
ffffa6cd
00000a5f
ffffbb14
ffffcd4e
000026d8
000019c5
000013da
ffffa8df
fffff6aa
00002636
000008db
0000081c
00000fce
00000e4f
000017b1
000039e7
00000a9c
000009fa
0000168f
00000e22
ffffdd16
fffff29c
00000cb9
fffff80b
fffff34c
ffffff10
ffffaa85
00000daa
ffffb7f9
ffffceb3
00002553
00001893
fffffda6
ffffa400
fffff9a1
000026c4
00001020
00000143
00000e9d
00000649
00000330
000022b4
0000151f
000007d5
00000c25
00001528
ffffe0b5
ffffffc8
0000090e
00000191
00000709
fffffed8
ffff967c
fffff114
ffffc9d2
ffffc57f
000038d7
00001ed1
ffffaed0
ffff6fb4
00001cf0
00001499
000025ee
fffff1d1
00002759
00001118
ffff9d05
ffff845a
00001362
ffffd189
ffffcd33
000014aa
ffffda21
000065db
ffffee04
00001340
000020ae
fffff2d8
ffff7da8
ffff7e53
00003f62
ffffa3bf
0000872a
000025f9
00002211
00002ff7
ffffb6bf
ffffefd7
00002a20
fffffcfc
ffffcfaa
0000089a
000063a3
0000710d
0000039c
ffffff20
ffffd406
000006e4
ffffc2db
ffff40ba
00001465
000009cc
000001dc
000017c9
00001534
00005779
ffff7b50
00000cb2
00000235
0000405b
000011ac
ffffb2a1
ffffe9bc
00002e1d
000011b9
000004f9
000005eb
00000daf
00001be0
00003fb1
000008e1
000006cd
00000367
00000b8d
ffffe479
ffffdb2e
00000a3b
00000298
0000034b
0000054f
ffffacd7
00000f80
ffffb3b0
ffffca36
0000271c
00001ae8
00001317
ffffa454
fffff6ee
00002e64
00000538
00000bf4
00001163
00000bdb
0000099a
00003956
00001050
000006de
0000154c
00000e10
ffffea67
ffffee58
00000938
fffffe37
fffff4f8
fffffcce
ffffa505
00000e55
ffffbe71
ffffc1de
00002f36
000012f8
000010f3
ffffa3de
fffff744
000030b5
00000c33
00000a06
0000091d
00000d01
00000a5f
00003951
000014fe
00000815
00001432
00000d5a
ffffe88e
ffffef5c
00000a3b
fffffd86
fffffd0c
fffffabf
ffffa33a
000007eb
ffffbfa0
ffffbf63
000031a9
00001524
00001149
ffffa8eb
fffff8a5
00003626
0000090a
000002ea
00000782
00000d33
0000056e
00003330
0000122f
00000e1f
00001970
000010e0
ffffee2f
fffff4be
00000cf9
fffffc06
fffffcb4
fffffb38
ffffa16c
00000171
ffffc683
ffffc135
000034a3
00001171
00000d81
ffffb04a
fffffaaf
00004944
000008ce
fffffd59
ffffff6e
000004f6
fffff34e
00002bc3
00000dc6
00000c66
00000f24
0000145e
fffff735
fffff359
00000d79
00000148
00000361
000001b7
ffff9f28
fffff7df
ffffde9d
ffffbfd6
0000498a
000006b2
00000ea9
ffffb59a
00000c7b
0000509e
00000d87
fffff71d
ffffeb1a
fffff686
ffffcf09
00001a19
00001283
00000431
000009bd
000009a6
00000be1
fffffb73
00000b04
00000416
00000b51
ffffff60
ffffae9c
ffffecfb
00001410
ffffb0cf
00006599
ffffe3e7
000012c2
ffffb9b5
000024d4
000019cc
00001e2f
fffffeb2
ffffe755
fffff1b4
ffffacc3
fffff8dc
00001c66
fffff11e
00000105
fffffbb4
00002984
00000217
fffffe7b
0000089c
000006d0
fffffbb7
ffffdc3d
ffffe9f7
0000555a
ffff9649
00006b99
ffffc1da
00001b49
ffffc856
000023d1
ffffbbe5
000012f0
0000111c
00000d03
00000102
ffffb87e
ffffe54f
00001b4c
fffffb8f
00000a8a
00000925
00002a0a
00000fc5
fffff8ea
00000750
ffffdb44
0000006e
000000fb
fffff2f3
00005966
ffffa316
00003b98
ffffc9e4
00001f71
ffffdc93
00000229
ffff9157
fffff16b
00001541
00002d36
00000ef1
fffffc87
fffff8f0
000013e0
000013a8
00001d1c
0000147a
fffff104
00000e8f
000003ea
fffffc1a
ffffab6c
fffffb48
000005f9
00001197
00000224
ffffe0a0
fffff506
fffff99c
00000d6a
ffffe429
ffffeeee
ffffa90a
fffffb7e
000013ca
000029dd
00001a9a
000045de
000011d4
00000cf6
00001957
00001c5c
00001414
ffffae38
fffff778
00000e39
fffff96f
ffffb3ae
fffffbd3
ffffe513
00002975
ffffa786
00000ea3
ffffca85
00003748
fffff875
ffffdc30
ffffe25b
ffffd485
00000740
00000b31
000023fb
0000216c
00005ffe
0000231e
00000838
00001d86
000018cd
000014e6
ffff93c7
ffffedc8
0000194f
fffff9f9
ffffcc57
fffffb7f
ffffba1d
00002ba1
ffff73fa
0000159a
ffffc1bb
00005b55
ffffe928
ffffc84a
ffffdfad
00000630
000006c9
00000494
00001307
00001695
00005a28
00003178
0000056f
00001863
0000194a
00000a83
ffff9104
ffffecf8
00001f03
fffffbfc
ffffe994
fffff6a6
ffff949b
00002722
ffff5e97
000008c7
ffffd2e6
00005c11
ffffe8b4
ffffb2ae
ffffef17
00002d8a
00000b8c
000009a2
fffffcb7
00000ac7
000044d9
0000368f
000005b3
000007bf
000018b0
fffffcb2
ffff9eb7
ffffeb2f
00001a34
fffffdcd
00000594
fffff666
ffff7fcc
000020c3
ffff6c7b
fffff1b6
fffff491
000048d7
fffff70c
ffffa5ba
fffffc90
0000384a
00000f23
00000dab
fffff670
00000947
00002b2c
000033b4
00000a67
ffffff30
0000167a
fffffd01
ffffbad2
ffffece7
000011b2
fffffde0
00000d58
fffff838
ffff82bb
00001659
ffff910c
ffffd8d0
000011d8
00003098
000007b0
ffffa417
ffffff95
00003156
00000dc2
00000d07
fffffed4
00000d41
000017ea
0000311d
00000f7a
00000245
00001649
00000635
ffffd41d
fffff1c1
00000d4d
fffffc07
000004a6
fffff9de
ffff8faf
00000dd5
ffffaef7
ffffc9cf
00002062
0000203f
00000e89
ffffa607
fffffc75
0000289c
00000c3c
000009b6
000005d3
00000eb3
00000fee
0000306f
0000118b
00000653
000014db
00000d0a
ffffdfd2
fffff3b4
00000be5
fffffae6
fffffdd1
fffffac0
ffff990d
00000929
ffffbba4
ffffc487
00002501
00001a3c
0000103c
ffffa677
fffffa72
0000248e
0000097c
00000895
00000ac1
00000e91
00001008
00003091
00000f74
0000094c
00001505
00000e76
ffffe10c
fffff557
00000bb4
fffff966
fffffa9d
fffffc6c
ffff9be5
0000085b
ffffbc9e
ffffc5e7
000023e9
000019a2
00000eb9
ffffa6a9
fffff8df
00002666
000006e9
0000072d
00000bc2
00000e10
00001174
00003018
00000d2f
00000ab3
00001445
00000eb5
ffffddbf
fffff64d
00000b6a
fffff923
fffffa1c
fffffda8
ffff9b64
0000072f
ffffb9f6
ffffc999
00002519
00001ae6
00000dd9
ffffa703
fffffa96
00002876
00000859
000006a7
00000b90
00000d8e
00000f96
00002e65
00000d79
00000940
000013e9
00000dc5
ffffdd51
fffff847
00000c36
fffff9f5
fffffa32
fffffd4c
ffff9ca1
0000070d
ffffbd2a
ffffc9fc
0000268e
000019d8
00000ff3
ffffaa2c
fffffbc0
000025dc
00000810
00000779
00000981
00000bf2
00000f34
00003092
00000e1b
000009df
00001601
00000dc7
ffffdff9
fffff636
00000cbc
fffffa5a
fffff828
fffffd67
ffffa161
00000a27
ffffbfc7
ffffca16
000025ec
000015f2
00001124
ffffacd6
fffff9fa
00002421
00000909
0000076e
000008ba
00000bf5
00000ec7
00003276
00000e87
0000095b
000013fb
00000dbe
ffffe1ed
fffff19c
00000ce7
fffffa92
fffff8fb
fffffdb8
ffffa4b6
00000b99
ffffc04d
ffffc92a
00002647
000015e6
0000109a
ffffab45
fffff902
00002563
000007cf
00000741
000009d4
00000cfc
00000dae
000031e2
00000e11
0000094a
00001338
00000d08
ffffe28a
fffff173
00000c93
fffffac5
fffff8e3
fffffda7
ffffa4f3
00000a75
ffffc022
ffffc81e
000027a6
00001606
00001028
ffffa9b5
fffff9a5
000026c8
000008b1
000007d4
00000a50
00000d38
00000cc3
00003227
00000ee0
00000935
000014a5
00000b6e
ffffe30d
fffff277
00000bd4
fffffb45
fffff7b7
fffffc7a
ffffa6d5
00000aba
ffffc0bc
ffffc6dc
000028cb
000014ce
000010a0
ffffaaef
fffff9e4
0000268a
00000955
00000809
0000097b
00000c5f
00000d1e
000034ba
00000fc4
000009a5
000016ef
00000c41
ffffe4b4
fffff10c
00000c6c
fffffc05
fffff773
fffffc2a
ffffa8ce
00000bcc
ffffc09d
ffffc6b0
00002954
000013d9
00000f18
ffffaacf
fffff94c
00002622
00000a57
00000747
00000991
00000b65
00000b91
0000355d
00000f89
00000868
00001546
00000d23
ffffe532
ffffefb0
00000c81
fffffc19
fffff8d8
fffffce6
ffffa99a
00000ace
ffffc102
ffffc5e9
00002c72
0000142f
00000f72
ffffa86e
fffffa2a
000025db
000008e3
000007fe
00000acc
00000a8d
00000aaa
000034ad
00000ec9
00000763
000015da
00000c67
ffffe461
fffff2b1
00000c3d
fffffb36
fffff867
fffffcd7
ffffa95c
0000098a
ffffc1db
ffffc644
00002d8d
00001328
000010bd
ffffa8eb
fffffac7
0000261f
000007fb
000007f9
00000b38
00000a8d
00000c4d
000034bb
00000eaf
000008c0
0000176a
00000d58
ffffe3a0
fffff3f1
00000bfd
fffffaa2
fffff730
fffffd67
ffffa98e
00000916
ffffc204
ffffc88d
00002d81
000012f9
00001232
ffffa9fc
fffff9dc
000024c7
0000094a
000007e5
00000dd3
00000c31
00000d05
00003518
00000daa
0000079c
00001575
00000d85
ffffe3fb
fffff1a3
00000c24
fffffa53
fffff4f5
fffffdc2
ffffad6c
00000b12
ffffc2dc
ffffc8be
00002c8a
000013b2
00001456
ffffa961
fffff737
00002515
000008bc
000008db
00000eb5
00000cd8
0000111b
00003b04
00000cab
00000967
00001738
00000c7c
ffffe387
ffffefd4
00000c46
fffff968
fffff2be
fffffdfb
ffffb143
00000dc6
ffffbdd1
ffffc9b7
00002af6
0000132b
ffffffb5
ffffa494
fffffa69
00002663
00000f67
00000242
00000cd0
000005be
ffffff92
00002485
00001684
000006c0
00000e54
0000144d
ffffe497
fffffe0d
00000822
00000222
0000050a
fffffd7d
ffff9c7b
fffff223
ffffcd4b
ffffc337
00003ca8
00001a3c
ffffaf79
ffff70de
00001e03
000012f9
0000287a
fffff1f4
000026b6
00001052
ffff9bac
ffff866f
0000161e
ffffd1d2
ffffcdea
00001551
ffffdda1
00006383
ffffeda1
00001401
000020d7
fffff304
ffff81e4
ffff7eac
0000432c
ffffa199
00008a14
000023f8
000021e4
00003076
ffffb6f2
fffff006
00002b78
fffffd52
ffffceac
00000723
000063ca
00007361
000004b1
ffffff37
ffffd4b4
000005a8
ffffc3cb
ffff3deb
000014c5
000009ac
000001fe
000017d4
000016f0
000058b4
ffff7b61
00000b8f
00000248
00003f10
000010e3
ffffb353
ffffe999
00002dfb
000011c9
000004c5
0000033f
00000d0f
00001a82
00003fee
00000bdb
000007da
0000041b
00000bac
ffffe68f
ffffd905
000009bc
000002bd
000006c2
000003e8
ffffaa63
00000e87
ffffb330
ffffc785
00002732
00001b61
00001321
ffffa64d
fffff5d1
00002fb1
000003b1
00000a03
00000efc
00000d04
000008d1
00003771
0000130d
00000997
0000159c
00000e33
ffffec6d
ffffee02
00000964
ffffff11
fffff736
fffff9b0
ffff9f7e
00000f03
ffffbca7
ffffbf91
00002be4
00001424
0000115e
ffffa5a1
fffff5c4
0000337e
00000b89
00000a4e
000005bb
00000f41
00000992
00003849
00001600
0000087e
000011d1
00000cd3
ffffea96
ffffebe0
00000a63
00000027
ffffff66
fffff947
ffff9d07
00000bcb
ffffbd79
ffffbc04
00002d26
0000167a
00001144
ffffa642
fffff73f
00002f70
00000ac4
00000619
00000632
00000fc2
00000802
00003442
000015f1
00000c87
00001704
00000c66
ffffef7f
ffffef70
00000a9e
fffffe0b
fffffe5b
fffff7af
ffff9f51
00000960
ffffc07d
ffffb99b
00002a62
000012e6
00000fdf
ffffa7e5
fffff4d7
0000306d
00000850
00000834
000007c2
00000bc9
0000064d
0000340e
000014b6
00000ae7
00001337
00000ea7
fffff06a
ffffedfc
0000093d
00000106
ffffffa4
fffffa93
ffff9b26
00000868
ffffbff0
ffffbb2f
00002cbd
00001380
00000bfd
ffffacce
fffff7a4
00003e04
00000945
00000373
00000145
00000a43
00000085
00002f22
00001191
00000f0c
00001215
00001413
fffff09a
fffff326
00000dab
00000147
0000059e
ffffff6c
ffff9124
ffffff4b
ffffc8af
ffffbea7
0000343d
0000130c
000002a3
ffffa830
0000030c
00004d86
00000b00
fffff8f0
fffff41a
ffffff8f
ffffdddf
000012b5
00000ff6
ffffffe7
00000334
00000b88
fffff8c3
00000181
000009d1
00000389
0000107f
fffffca3
ffff95f5
ffffe79e
fffff4ae
ffffb52b
00005804
fffffdb5
fffff870
ffff9e10
0000266b
00001499
0000261c
00000155
ffffff77
fffffe33
ffffb806
ffffde26
000016bd
ffffea23
fffff7f8
fffffe9c
00000da6
0000236f
fffffaaf
00000894
000009f2
fffffc14
ffffbe43
ffffd586
000044f1
ffff9b27
00005efa
ffffdfa3
00001252
ffffbdb3
000024a6
ffffb63b
00000014
00001487
000021cc
0000079b
ffffce1b
ffffd947
000017d1
00000722
00001cc2
00000c8f
0000094f
000033dc
fffffbcc
ffffffaf
ffffc464
fffffa38
ffffeef3
fffff04e
00003ef8
ffffbe3f
00002121
ffffdbca
0000184b
ffffe592
000002cb
ffff9c68
fffff2b8
00001129
0000244c
00000fd4
00001250
fffff536
000017a3
00001559
00001f56
00001087
ffffd485
00000fd9
000006a3
fffffba2
ffffa9cf
fffff55b
ffffffc6
00001838
ffffef7c
fffff826
ffffe940
00000831
00000847
ffffe650
fffff7d3
ffffa168
00000a1f
00001450
00002113
00001cf1
00003fdf
fffffcfc
000016c1
00000d6b
00001151
00000de7
ffffae4e
fffff944
00000786
ffffffd2
ffffb979
fffff53f
ffffea6a
00002804
ffffb9ce
000007fe
ffffcb8e
000035f0
00000143
ffffdb4f
ffffe8bc
ffffb0f4
0000015b
0000156b
00002e65
00002819
00005aa6
00000976
00000ebf
0000185c
000017fa
00001828
ffff9986
ffffffed
00000e9c
fffffdf9
ffffbaa3
fffff5d8
ffffc3da
000029ab
ffff8783
000013d3
ffffb3f2
0000552a
ffffeeb7
ffffd08b
ffffdb22
ffffde08
00000481
000009ac
00002b32
0000293e
00006da0
00001c2e
00000422
00001e39
000015f0
00001872
ffff83a7
fffffd2d
00001b04
fffffc1e
ffffcf73
fffff720
ffff9c92
00002912
ffff5b10
00001acf
ffffb08b
00006e86
ffffdea5
ffffbdd1
ffffde71
000010ee
000007a4
0000046b
00001755
000019ec
000062c1
0000298b
fffffedb
0000165b
000014fe
00000a11
ffff81e9
fffffa18
00001f87
fffffde7
fffff08f
fffff6e3
ffff7c54
00002318
ffff5005
00000e06
ffffc9d8
00006a0a
ffffdebe
ffffacef
ffffef38
00002f09
00000d2e
00000966
0000028c
00000cb0
0000488e
00002da7
0000016b
0000088c
00001677
fffffc88
ffff960c
fffff62e
00001aee
fffffff8
0000084f
fffff6dd
ffff71ff
00001d4a
ffff66d7
fffff448
ffffebad
000051bf
ffffedbd
ffffa50e
fffffb3f
0000362f
00000db5
00000f00
fffffa2f
0000080b
00002e22
00002e34
00000735
000000d2
0000175a
fffffbbb
ffffb2d6
fffff395
00001391
ffffff85
00000c9a
fffff8cb
ffff7ab1
00001536
ffff8987
ffffdde5
0000091b
000036f6
fffffffa
ffffa427
ffffffe8
0000318f
00000df9
00000f00
fffffc5b
00000a91
00001d46
00002dcc
00000dbb
000000f6
000016f3
0000016a
ffffcb7e
fffff2e8
00000df2
fffffbf7
0000062a
fffff9c7
ffff8c1d
00000e97
ffffa829
ffffcf40
000019f5
000023eb
00000c6e
ffffa76d
ffffff42
00002a4f
00000d59
00000bf2
000002b8
00000d3d
00001449
00002e91
00001078
000004d3
0000167a
000007e1
ffffdb46
fffff2e1
00000beb
fffff998
fffffe79
fffffb74
ffff9a7d
000009e0
ffffb9d8
ffffc8f7
00002240
00001a07
00000f8f
ffffa958
fffffbca
0000251c
00000d6d
000007de
0000084e
00000f1b
00000f9f
00002eb5
00001001
000007fa
0000141c
00000ccb
ffffe293
fffff354
00000bb7
fffff8f2
fffffad6
fffffc85
ffffa2bb
000006da
ffffc16c
ffffc617
000025ef
00001775
00001001
ffffaaf9
fffffa0e
00002203
00000a18
0000075b
00000c33
00000c39
00000f42
000031c4
00000d93
00000b03
0000163a
00000db9
ffffe2d0
fffff411
00000c9e
fffff8e3
fffff78f
fffffe97
ffffa49c
00000828
ffffc05a
ffffc8ae
00002503
0000163c
00000fa4
ffffab10
fffff8b6
000024e2
000007f9
00000833
0000097a
0000095d
00001168
000034e3
00000c8d
00000a19
000015f2
00000bd6
ffffdfa1
fffff035
00000bcf
fffff8e2
fffff8f3
fffffebe
ffffa432
00000a80
ffffbbe5
ffffcb3d
000026f7
000016ad
00000fcb
ffffa9c1
fffffa73
000026ec
00000a67
00000815
000008c2
00000ae2
000011cf
00003393
00000c03
00000941
00001423
00000b56
ffffdf2f
ffffefef
00000a0d
fffff8e0
fffffb31
ffffffe1
ffffa398
000009a8
ffffbdbc
ffffca6a
000028d3
00001704
000010e8
ffffa965
fffff975
000025f1
0000092f
000007c7
00000bbd
00000cb2
00000feb
000032fa
00000dac
00000af8
0000145e
00000c82
ffffe1a0
fffff192
00000a0a
fffff95a
fffff853
ffffff00
ffffa52e
000009a0
ffffbf69
ffffc8be
000028f4
00001674
00001092
ffffa980
fffff84a
00002562
00000903
000007ef
00000c40
00000d1c
00001035
00003491
00000e03
00000b88
0000156c
00000c23
ffffe217
fffff0c9
00000a83
fffffa19
fffff72a
fffffe9c
ffffa6cb
00000b4a
ffffbd61
ffffc83d
0000278a
00001691
00000ea2
ffffa7e5
fffff820
0000266b
000008ab
0000080e
00000c6b
00000c4e
00000f87
00003459
00000e5b
00000965
0000151a
00000c0e
ffffe18f
fffff105
00000b05
fffffaf9
fffff8a7
fffffd9c
ffffa5f7
00000a00
ffffbc23
ffffc7e6
0000299a
0000177f
00000ef0
ffffa689
fffff8f5
0000282a
00000884
000007ee
00000d79
00000dcc
00000ea3
0000339f
00000d85
000008d6
000015fe
00000c8c
ffffe12e
fffff417
00000b96
fffffa57
fffff765
fffffcea
ffffa6cc
0000091d
ffffbd1b
ffffc849
00002ad5
00001720
00000f5f
ffffa8b3
fffff8a8
000027da
0000098a
00000731
00000d72
00000c7d
00000eb7
0000357c
00000ed4
00000a46
00001731
00000da3
ffffe2a1
fffff3bb
00000c79
fffffb25
fffff6b8
fffffcbc
ffffa87f
000009a9
ffffbec0
ffffc8aa
00002a9f
0000160c
00000e93
ffffa8b0
fffff7de
00002683
000009db
00000787
00000d76
00000c18
00000d2f
00003502
00000ef8
0000086c
000014e2
00000c49
ffffe3a7
fffff0a8
00000b31
fffffbc3
fffff718
fffffc21
ffffaad8
00000ad5
ffffbf83
ffffc6d3
00002c12
000015c6
00001283
ffffa762
fffff7b2
0000278f
00000750
000009b0
00000e1b
00000d65
00001058
00003993
00000d26
00000912
000017ff
00000a4d
ffffe2b0
fffff05c
00000b3e
fffffa85
fffff3c6
fffffc62
ffffada7
00000e90
ffffbb99
ffffc87a
00002a54
00001422
fffffed6
ffffa469
fffffb4f
00002825
000010a2
000003aa
00000b99
0000076e
ffffffe0
00002525
00001748
0000078c
00000f65
00001318
ffffe4a1
fffffc28
00000857
00000306
000004be
fffffd63
ffff9be8
fffff45e
ffffcc32
ffffc1dd
00003ba1
00001af5
ffffad3a
ffff7048
00001d8f
00001352
000029a9
fffff179
0000249b
00000f86
ffff996e
ffff86c8
000017a9
ffffd157
ffffce3c
0000140c
ffffdee6
000061df
ffffed91
00001514
000022aa
fffff1a3
ffff8284
ffff7e09
000042ec
ffff9e9b
00008b6a
0000236e
000021a0
00003196
ffffb724
ffffeecb
00002b50
fffffdf8
ffffce82
000008d4
0000638f
0000725d
00000753
ffffffa2
ffffd49f
000005c4
ffffc391
ffff3c92
0000150d
00000a94
000001cd
0000166b
000014a0
00005a37
ffff79d4
00000a51
ffffff6c
0000413a
00000d37
ffffb3e5
ffffe920
00002c8d
00001427
00000455
00000079
00000e11
000019e6
00003e19
00000f6e
00000938
00000472
00000c21
ffffe68e
ffffd9ad
00000ac9
0000042d
000009b4
000001ba
ffffa4fc
00000db2
ffffb0a3
ffffc4b0
000023c2
00001e8f
00001013
ffffa7a7
fffff45f
00002ec7
0000036f
000009bb
00000cc0
00000bf0
00000ad1
00003591
00001372
00000c22
0000171f
00000e59
ffffec36
ffffeed4
00000a63
00000006
fffffa73
fffff8d6
ffff97bb
00000f05
ffffb7cd
ffffbf20
000024fb
000016da
00000dd8
ffffa678
fffff2a4
0000342b
00000b52
00000a28
000004c3
00000e2e
00000e76
000037ce
0000130f
0000095b
00000ed7
00000c41
ffffe84e
ffffe9e0
00000a9a
000000dc
00000463
fffffb38
ffff9441
00000d28
ffffb555
ffffbd13
0000259b
00001ac3
00000cf3
ffffa449
fffff596
000032be
000009d9
0000061e
00000520
00000e75
00000b24
000032eb
0000132c
00000b2e
000013c0
00000b39
ffffeab9
fffff15c
00000b9f
fffffede
00000469
fffff893
ffff939b
000008a3
ffffb845
ffffbae6
000025b1
00001781
00000dc5
ffffa4ba
fffff595
00003201
00000862
00000919
000006ce
00000c8d
00000a07
0000336f
000011f5
000008d0
000012af
00000cc4
ffffeb8a
fffff109
00000b02
0000002e
000002e2
fffffa9b
ffff9311
000009f5
ffffb93d
ffffbc40
000026dc
000016d2
00000cd0
ffffa4cc
fffff63b
00002da2
00000b0d
0000098e
00000779
00000aae
00000bd3
00003260
00001274
000008bb
00001155
00000d9a
ffffea44
fffff206
00000aa0
00000019
00000431
fffffbf8
ffff923a
0000087d
ffffbad8
ffffbcf6
0000249c
000017bf
00000c73
ffffa628
fffff87c
00003e5d
0000009e
000005b3
0000036f
00000b40
000001a0
000025e7
00000d9f
000008ee
00000f01
00001318
ffffe75c
fffffa27
00000aa5
fffffec4
000004f5
fffffde6
ffff87f6
fffff9dc
ffffc50c
ffffc467
0000353f
00001716
ffffeb7c
ffff9536
00000f9d
000037dc
0000209b
fffff740
00000638
00000b7a
ffffd198
ffffe850
000010e2
ffffefce
ffffeefa
00000ceb
ffffee29
0000203b
000001f8
000007ba
00001581
fffffb70
ffff9221
ffffcc79
00000ed5
ffffac53
00005c32
00000b71
fffff916
ffff9ffe
00002bf0
ffffe409
00000e5a
00000855
00001ec1
00000755
ffffc1a6
ffffc8f6
000016e3
fffffcf9
00001412
00000753
fffffcd3
00005011
fffffe82
0000026e
ffffddad
fffff35d
ffffc693
ffffd862
0000410f
ffffb265
00003581
ffffe513
000015d3
ffffdd73
00001706
ffffb1e2
ffffef9f
00001249
00001975
000006d1
fffff752
ffffe5c7
000013aa
00001542
0000299c
00000ee7
ffffe2d5
000026db
000005c3
fffffd2d
ffffb091
fffff735
fffff32f
000008c4
00001270
ffffee9e
ffffff73
fffff13b
00000aaf
fffff40a
00000384
ffffb18c
00000ca7
00000830
00000e7c
00000e8b
000019a2
ffffec1d
00001371
000009f6
00000864
00000d15
ffffc73f
fffffdd2
00000742
000003d7
ffffc0a4
fffffa64
fffffc0c
00001651
fffff40f
ffffff95
fffff156
000013f7
00000f2c
ffffe78f
000001fd
ffffa5eb
000005ba
00001309
00001a28
0000143e
00002688
ffffee2d
000012ad
0000097d
00000f2a
00000aec
ffffc14b
000006e6
00000434
000001f4
ffffb81d
fffff780
fffff317
00001e62
ffffe14a
00000022
ffffdc77
000019d7
00000f33
ffffe149
fffff660
ffffa0c0
00000394
00001973
0000277d
00001f6d
0000453b
fffff888
0000104c
00000ca7
00001085
000010fb
fffface2
00000254
0000039b
ffffff57
ffffb3d1
fffff867
ffffe372
000025f5
ffffb87d
00000ced
ffffc522
00003589
000003c6
ffffd99b
ffffe689
ffffb1d2
000004a8
000014c0
0000357f
00002b95
000061e9
000003fe
00000bd6
0000183b
000010fe
00001c21
ffff94df
00000453
00000a7e
fffffce9
ffffb81a
fffff985
ffffc26e
000024ef
ffff89c5
000019a3
ffffb244
000059d0
ffffee0c
ffffcd7c
ffffdb26
ffffd554
0000056c
0000095f
0000359e
00002bff
00006d50
00000f50
000005a5
00001e2d
00001099
00001b79
ffff824a
00000761
000015aa
fffffc4c
ffffcaa8
fffff72d
ffff9c6b
000021ce
ffff6330
00001c07
ffffadad
00007119
ffffdaa6
ffffbe40
ffffdf5a
fffffca0
00000771
00000641
00002509
0000214a
0000665a
00001934
000000ec
000018df
00001330
00000e29
ffff7c8b
0000068a
00001d49
fffffe89
ffffe68b
fffff554
ffff7cb4
00002071
ffff5267
000011ef
ffffba00
00007271
ffffd314
ffffb265
ffffea63
000018db
00000b32
00000812
00000ecb
00001586
00005363
00002095
0000013a
00000f58
000016b7
000000e1
ffff8684
000001d4
00001ef1
000000e6
fffffe20
fffff394
ffff6eb2
00001e23
ffff58c4
ffffff4d
ffffd15d
000063b4
ffffd9a6
ffffaa8b
fffff518
00002723
00000d43
00000c26
ffffff7b
00000cfa
00003ed8
00002627
0000041e
00000671
00001998
fffff937
ffff9a4e
fffffc1b
00001b7f
00000145
00000960
fffff379
ffff7178
00001b2d
ffff6dca
ffffec6e
ffffea9d
00004d7d
ffffe375
ffffa4c5
fffffc48
0000286e
0000118f
00000e84
fffffc76
00000a23
00002d7b
000026d9
000006df
00000193
0000179e
fffff96a
ffffaf48
fffff903
0000146b
00000086
00000c97
fffff762
ffff7d0e
00001360
ffff888c
ffffdc70
00000171
00003b5f
fffff647
ffffa43c
fffffea4
0000264f
00000804
000010a4
000000c4
0000084d
00002513
00002c19
000009fd
00000485
00001d43
fffffe44
ffffbe3d
fffff952
00000f5a
fffffb8e
00000079
fffff937
ffff8a8e
000011ab
ffff99ab
ffffd978
00000ecc
00002abc
00000795
ffffaa0c
ffffff0a
00002c2e
0000093b
00000f6a
ffffff40
00000b18
000023a5
000033d9
00000ca4
000006be
00001ba5
000003c0
ffffc869
ffffef5e
00000c83
fffff7f9
fffffb55
fffffd1d
ffff9776
00001303
ffffa6c5
ffffd88f
00001a34
00002269
00000e24
ffffabaf
fffffdd6
00002ba9
00001108
00000919
00000151
00000d88
00001902
0000348e
000010ef
00000767
00001497
000008d6
ffffd8b5
ffffeade
00000b76
fffff7a5
fffffd5c
fffffeea
ffffa2a0
00000c6c
ffffb95d
ffffccbc
0000267d
00001b1b
00001226
ffffa98c
fffffc8a
0000258b
00000b95
00000815
000007a6
00000d57
00000d73
00003280
00001297
0000097a
00001593
00000bde
ffffe503
ffffef05
00000a59
fffff742
fffff98e
fffffdba
ffffa701
0000082c
ffffc383
ffffc4a9
00002b10
000013f7
0000124b
ffffa93a
fffffb1d
00002313
00000a15
00000886
00000a66
00000e01
00000d65
00003239
00001281
00000a69
000015f8
00000c20
ffffe5ad
fffff0c1
00000a43
fffff7cf
fffff772
fffffcd3
ffffa7c6
00000875
ffffc268
ffffc47b
00002951
0000142d
000010d6
ffffa887
fffff902
0000243b
000008fc
00000750
00000ba1
00000f89
00000e61
00003181
000011a4
00000a7d
00001597
00000c9b
ffffe3f3
fffff272
00000ad5
fffff912
fffff798
fffffb65
ffffa6d9
00000852
ffffbf44
ffffc57e
000027ca
000016af
00000f1b
ffffa795
fffff869
00002523
00000986
000006f2
00000d97
00001069
00000ed1
00003104
0000104d
00000a2d
0000158b
00000bdb
ffffe2d3
fffff44a
00000b43
fffffa5b
fffff6ad
fffffab1
ffffa7a3
00000947
ffffbdc5
ffffc615
00002736
000017b1
00000e49
ffffa869
fffff778
0000247c
000008c2
00000898
00000e13
00000e5c
00000f97
00003302
00001128
00000aae
000016e4
00000d1e
ffffe28d
fffff3b7
00000b08
fffffc96
fffff58e
fffffad0
ffffa718
00000aec
ffffbc3a
ffffc74c
00002669
000017ec
00000d5e
ffffa819
fffff7b3
00002575
00000906
000009b1
00000d8c
00000dfa
00000f6b
00003223
00001108
00000899
0000152c
00000ca7
ffffe0df
fffff1d9
000009e5
fffffcb0
fffff607
fffffb27
ffffa64b
00000b0d
ffffbbee
ffffc7de
0000284d
0000193e
0000116f
ffffa7e4
fffff79d
00002715
00000968
00000a0a
00000dbb
00001024
00001470
00003735
00000e26
00000a80
0000179a
00000aac
ffffe00c
fffff0f6
00000a96
fffffa42
fffff31b
fffffbf1
ffffab01
00000f33
ffffb920
ffffc971
0000254a
00001777
fffffe06
ffffa45d
fffffa39
0000261c
00000ff7
00000334
00000c10
0000089b
00000335
000024c0
0000175d
0000084e
00000ea5
0000122d
ffffe23d
fffffbd4
0000081b
00000247
00000484
fffffd08
ffff9a4d
fffff5e9
ffffc82d
ffffc2b4
000036d1
00001d0a
ffffab88
ffff6ee1
00001e09
000014bd
000028c7
fffff289
00002399
0000109e
ffff9b01
ffff85ad
000017eb
ffffd116
ffffce4f
000012a2
ffffdaf4
00006299
ffffed6e
000014f5
000023be
fffff150
ffff7e36
ffff7e19
00003e86
ffff9fda
00008a62
0000267f
0000214f
00003277
ffffb695
ffffedb3
00002952
fffffde9
ffffcd34
000007ce
000062fe
00007160
0000088b
ffffff92
ffffd440
0000056c
ffffc31d
ffff3bfb
00001552
00000ae6
000002e0
00001501
00001110
00005b5d
ffff7817
00000a17
fffffd69
00004220
00000c79
ffffb31f
ffffea6f
00002c74
00001477
000005d1
fffffe38
00000e6a
000019e8
00003a22
0000104d
000007b2
000002f3
00000bf7
ffffe546
ffffdaf8
00000a00
0000053d
00000c05
00000189
ffff9f83
00000c8d
ffffb080
ffffc421
000021ff
00001fd8
0000113d
ffffa80b
fffff4db
00002b54
000003e5
00000a7a
00000d72
00000de6
00000c0b
00003179
00001457
00000c48
00001691
00001012
ffffec83
fffff1d9
00000a09
ffffffb1
fffff9a3
fffff886
ffff94b8
00000e41
ffffb8b1
ffffbef5
00001f93
000017ed
00000ed3
ffffa764
fffff144
00003040
00000a5c
00000ac9
00000676
00000e8c
00001237
00003574
00001286
0000091a
00000d3d
00000d81
ffffe63b
ffffeb97
00000a75
00000060
00000395
fffffb83
ffff9091
00000ce1
ffffb29c
ffffbf9e
00001f8d
00001d50
00000e71
ffffa3f2
fffff4ce
000032bf
000008a0
00000716
0000067f
00000fd0
00001004
000030fb
0000106c
00000a7d
0000125d
00000c21
ffffe639
fffff345
00000bb1
fffffd97
00000414
fffff9bd
ffff8e49
00000841
ffffb457
ffffbf44
000020b6
00001b5a
00000f74
ffffa48b
fffff4ed
000032cd
000008f3
000008cf
0000086a
00000ea4
00000f03
00003207
00000f11
0000092c
000010d8
00000d89
ffffe7fc
fffff1b4
00000aa9
fffffeae
00000206
fffffbc7
ffff90a1
000009cb
ffffb767
ffffbf8c
000022ca
000019a1
00000f95
ffffa4a1
fffff58c
000032f6
000008b4
0000088c
0000075a
00000be2
00000c62
0000319d
000010a0
0000088d
00001010
00000e44
ffffe890
fffff321
00000a43
ffffff2c
0000031d
fffffbea
ffff90c0
000006f7
ffffbb39
ffffbf79
000026a4
0000178b
00000d88
ffffa83d
fffff7df
00002f34
00000bff
00000661
000007f7
00000e43
000009e3
00002d09
000010f1
00000bcd
0000101f
000010f3
ffffeb42
fffff497
00000bdd
fffffe7f
000003de
fffffd82
ffff9119
000004d3
ffffc142
ffffbe20
00002485
0000189c
ffffdeb6
ffff927a
0000009c
0000255f
00001c86
fffffa02
000012f9
00000e4d
ffffdcc2
ffffedc8
00000f33
fffff43b
ffffedbc
00001130
ffffe69a
00001aaf
00000446
00000a06
00001a53
fffffc37
ffff8486
ffffcd03
ffffed56
ffffad04
00004a5e
000022d0
ffffdc83
ffff8dd1
0000215b
fffff334
000006c0
000004c5
00002a7c
00000b69
ffffce93
ffffbe68
00000d72
fffffe11
000011e1
00000a33
ffffdd8e
0000650e
00000241
00000366
ffffe714
fffff0f4
ffff9ccc
ffffc924
000018f8
ffffbfaa
00002d40
000005fe
fffffc82
ffffd044
00001c05
ffffbf4f
fffff93b
00001058
00001f2c
0000059e
000005eb
ffffdd45
00000b97
000016c2
00002e7b
0000089f
ffffc901
00003ee2
00000b78
fffffda1
ffffb7e7
fffff6b4
ffffd94d
0000057a
ffffff11
fffff8b7
ffffeec0
000001d1
fffff739
fffff435
0000037c
ffffbb24
00000a2d
00000723
00000997
000003fd
00001cd6
ffffea06
0000089b
00000ab8
00000af2
0000081f
ffffb8bc
00000306
00000bee
0000051e
ffffca99
ffffffec
ffffee8e
00001130
ffffe70b
00000b6c
fffff1d2
00001a77
00000047
ffffeefa
00000944
ffffc02f
000006b8
00000b62
00000b6a
00000723
00001d5a
ffffe82d
00000733
00000b98
00000e88
000006e1
ffffbb76
00000ae3
00000972
000002f6
ffffc4cb
ffffffed
ffffeb06
0000141b
ffffedbd
00000a24
ffffedce
00001338
0000070a
fffff126
000007a5
ffffb9b4
00000acc
00000d50
00000aee
000009ea
00001fe2
ffffec4f
00000c80
00000a28
00000b4d
000005c0
ffffbf94
00000177
000006be
00000381
ffffc2f0
fffffe64
fffff299
00001a0d
ffffeea1
00000560
ffffeac8
00001243
00000c24
ffffe9f4
000004fc
ffffab5b
000009d0
000013df
00001118
00000f25
000025db
ffffee2d
0000127b
00000695
00000c39
000005a1
ffffbf56
ffffff8e
000001cd
0000028c
ffffbec0
fffffa4c
fffff2c4
00001dd9
ffffe437
000000b9
ffffe2a8
00001783
00000fbf
ffffe0a6
fffffe7d
ffffa29e
00000526
000019e1
00001fd1
00001bad
00003a60
ffffef08
000013aa
00000994
00000f3e
00000e83
ffffb257
00000509
fffffea0
ffffff6c
ffffb74f
fffff87c
ffffe474
00001e90
ffffca71
00000830
ffffd137
00002c34
00000b81
ffffd91a
fffff0a3
ffffa795
000003c1
000014f2
000032ca
00002b33
00005402
fffff243
00000ffc
0000125a
00000e3b
000019c4
ffff9db8
00000e11
00000301
fffffc15
ffffb31f
fffff687
ffffce69
00001e14
ffffa651
00001469
ffffbb17
00004aa2
fffffb6a
ffffd00f
ffffe490
ffffb95c
000004b3
00000e00
00003d01
000031c9
000065d7
fffff972
000008de
00001806
00000d17
00001e6d
ffff88f6
00001580
00000c9c
fffffc25
ffffba2a
fffff5b2
ffffb193
00001d66
ffff80d4
00001cdb
ffffacc4
00006572
ffffe481
ffffc537
ffffdfba
ffffd115
00000816
00000a01
00003bca
00002e7c
00006cf8
00000310
000000fe
00001911
00000e0b
00001ae4
ffff7914
00001806
00001696
fffffded
ffffcb1a
fffff68d
ffff94cf
00001d42
ffff636c
00001dda
ffffa8a7
00007665
ffffcbfb
ffffb5ee
ffffe294
ffffe845
00000ada
0000088a
00003206
0000226e
000066d6
0000087d
fffffc31
00001285
00000fb0
00000e49
ffff6ee5
00001b24
00001c5a
ffffffa2
ffffe1ba
fffff5ce
ffff7da9
00001795
ffff535c
000017c2
ffffb416
00007a8d
ffffc7c8
ffffb0b9
ffffecb5
fffffd6d
0000067f
00000ca2
00002250
0000169b
00006518
00001762
fffff887
0000129e
00001fa7
00000459
ffff6d1a
000018b3
00002174
fffffd3d
ffffec26
fffff6ae
ffff7284
00001dea
ffff4aeb
000016e5
ffffbbbc
00007132
ffffcef3
ffffb464
ffffee4a
0000163f
000006f2
00000b0a
00000c52
00000c20
00005f95
00002dce
fffffb66
0000100d
00002265
fffffc6e
ffff7743
000000df
00002496
fffffb5b
fffffb3d
fffff7a7
ffff7493
00002623
ffff4a85
00000f47
ffffcf0d
0000643b
ffffd628
ffffad8c
fffff52e
00002b56
00000db4
00000ab4
fffffb61
00000630
00004646
000030d7
00000311
000004fc
00001ada
fffff6d9
ffff9031
fffff241
00001eb5
fffffe5c
00000ec4
fffff6f8
ffff7538
00001dfd
ffff63af
fffff5b0
fffff0c5
000051a7
ffffe710
ffffa600
fffffe06
00002ffb
00000d91
00000d9e
fffff916
00000841
00002b77
00002bda
00000bdb
00000179
00001b9b
fffff9ff
ffffb05b
fffff5f6
00001724
fffffeeb
00000dcf
fffff41a
ffff7c14
000014f7
ffff878d
ffffdcc6
00000714
000039a0
fffffa4b
ffffa657
ffffff2e
00002d94
00000b53
00000de5
fffffb5a
00000bd1
00001cf4
00002bfd
000010e3
00000168
00001a99
ffffffb5
ffffc7bc
fffff55a
00001237
fffffe23
0000051b
fffff341
ffff8ae2
000011d2
ffffa111
ffffcff5
00001369
000027f6
000007e2
ffffa7b6
fffffe13
00002c52
00000c6c
00000c29
fffffdc3
00000f27
000015cd
00002e02
00001201
00000347
000017ad
000004b6
ffffd6c7
fffff2ee
00000da7
fffffcce
ffffffb7
fffff5dc
ffff98b3
00000e9c
ffffb234
ffffc953
00001e24
00001d25
00001023
ffffa851
fffffc05
000028f0
00000c35
000009fc
000004ba
0000107d
00001054
00002ebc
000011e4
000005a5
000014dd
0000099a
ffffe18c
fffff250
00000a16
fffffc39
fffffa1a
fffff8d5
ffffa35a
00000b7d
ffffbf3f
ffffc581
000025cf
0000166f
000013a6
ffffa9e4
fffffa3a
000024ae
000009f7
000009ed
00000b11
00000f58
00000da3
000030b2
000012de
000009f0
00001513
00000ded
ffffe6cd
fffff1e8
00000850
fffffcac
fffff537
fffffbde
ffffa7a9
00000acf
ffffc452
ffffc4f4
00002825
000013f3
0000132c
ffffaac8
fffff8e6
0000234d
000008db
00000902
00000c5c
00000f8e
00000cbc
0000308d
00001298
000009ee
000013e6
00000eb4
ffffe5ff
fffff0c3
000008c2
fffffbcb
fffff3d3
fffffbdb
ffffa93f
00000ab7
ffffc380
ffffc596
00002956
00001511
000015ca
ffffa954
fffff8c3
0000238a
000008c3
00000a00
00000cd8
00001142
00001138
0000358e
00000f9a
000009b1
00001604
00000b94
ffffe392
ffffefd7
00000a16
fffff8d3
fffff174
fffffc85
ffffadb6
00000ed6
ffffbf12
ffffc763
0000263f
00001443
000001a1
ffffa5a0
fffffc4b
000022b0
00000fce
00000489
00000b31
0000095a
0000029e
0000231a
00001880
0000088c
00000eee
00001318
ffffe399
fffffb98
0000072c
0000010f
0000029c
fffffd9c
ffff9b45
fffff563
ffffcc41
ffffc24f
00003627
00001b4d
ffffae3b
ffff705d
00001dab
000012a6
000028e9
fffff10e
000023ce
00001321
ffff9c10
ffff84cf
00001813
ffffd232
ffffcdcb
000013fe
ffffdb7d
000062be
ffffedff
000012dd
00002249
fffff119
ffff7fcb
ffff7d6b
00003fd3
ffffa03b
00008895
000026b3
000020fc
00003490
ffffb603
ffffecc3
000028ce
fffffdac
ffffcd2d
00000814
0000637a
0000702f
000007f4
00000062
ffffd479
00000796
ffffc37f
ffff3ca1
0000162d
00000b03
00000302
0000155c
00000ec0
00005b23
ffff76f5
00000b0b
fffffacf
0000435a
00000bc4
ffffb488
ffffe9ad
00002ef1
0000152b
00000479
fffffc37
00000bc7
00001b16
00003b7f
00000c4b
00000617
000000ad
00000bd8
ffffe2cc
ffffdb73
00000b33
00000525
00000e41
00000350
ffff9c5f
00000c5e
ffffaf08
ffffc6f8
00002248
00001fe6
00000f29
ffffa752
fffff740
00002bc6
00000659
000009ad
00000b19
00000a34
00000c4d
00003181
00001113
00000bca
000014cf
00000fad
ffffeb12
fffff2e5
00000a2f
ffffff77
fffffe89
fffffbfc
ffff91aa
00000ccd
ffffbbaf
ffffbfbd
00002149
000016cc
00000ec1
ffffa84d
fffff21b
00002dd8
00000738
00000a84
00000777
00000bb7
0000107c
0000342a
00000e7b
00000abd
00000d70
00000d4d
ffffe528
ffffecea
00000a33
ffffff0e
0000036e
ffffff13
ffff8fc5
00000beb
ffffb3e2
ffffc214
0000204a
00001bdc
00000f4b
ffffa5fb
fffff4a0
00003312
00000805
0000071e
000004be
00000df6
00001340
000032fd
00000ca6
00000b34
000011f0
00000b5a
ffffe32c
fffff241
00000b92
fffffc20
0000039b
fffffc94
ffff8f17
00000a02
ffffb295
ffffc374
00002002
00001a68
00000ee7
ffffa59d
fffff517
00003331
00000b2e
000007b5
00000711
00000c66
000011f6
000034d0
00000c95
00000960
00000ef3
00000cfd
ffffe613
ffffefdb
00000a98
fffffdf9
0000049d
ffffff50
ffff9193
00000a5d
ffffb701
ffffc1b4
000023bb
00001931
00000f1e
ffffa5f5
fffff4f2
000032ee
0000070c
0000082c
00000898
00000a97
00000ced
000034f6
00000e34
00000bf1
000010d8
00000e9f
ffffe827
fffff0c9
00000b30
fffffdb9
000003a9
00000000
ffff8fef
00000822
ffffb934
ffffc131
000026bd
0000185c
fffff668
ffffa3ba
fffff60e
00001b67
00001db0
0000025b
00001232
00000ed1
00000754
0000225f
00001130
00000b32
00000626
00000f92
ffffe96f
fffff846
00000ca9
00000327
00000fa0
ffffff89
ffff8e3f
fffffcab
ffffc048
ffffb38d
00001bab
0000261b
ffffd174
ffff8228
fffffbce
00001142
000000cd
000002ad
000020a7
00000869
ffffe0e7
ffffe12e
00000d28
fffff216
fffff915
000009dc
ffffd161
000032f6
000000ca
00000771
00000fea
fffff204
ffff72f6
ffffc977
ffffd068
ffffb91a
00003aaa
00002cf2
ffffdfe7
ffff8465
00002bee
fffffa4c
fffffedb
00001506
00002a3a
000012f9
ffffed0f
ffffaf7e
00000bb3
fffff44d
000017a2
00000515
ffffb630
00007242
fffff847
00000060
ffffdb09
ffffed8c
ffff8afd
ffffce40
000003a5
ffffde15
00001f08
000017b7
0000042b
ffffd059
000022d8
ffffb125
00000f1b
0000120f
00002d0a
00001b8c
00001806
ffffc946
00000fc6
000011b8
0000237e
0000110a
ffffbc39
00004848
00000334
fffffbf1
ffffa811
fffff737
ffffe72b
00000274
00000ce9
0000017e
ffffe21b
00000f79
00000743
fffff79c
fffffdc5
ffffa2a0
fffffd2c
0000076a
00001f2f
00000fea
00002710
ffffe32d
00000aa0
00001255
000010c3
000014bf
ffffb34b
00001335
00000980
fffffdd0
ffffa9fa
fffffc78
000000e7
00000f63
ffffe8f9
00001b55
ffffe523
00001cb3
0000068b
fffff780
0000078a
ffffb766
00000a7b
00000a61
000013da
00000e4c
00003224
ffffe7b7
0000077f
00000f90
00000ec1
00000eaf
ffffab0d
00000ce9
000008d9
fffffedb
ffffb4ec
00000280
fffff6af
0000177f
ffffe830
00001ebb
ffffe396
00001da3
0000073d
fffffac8
00000565
ffffb82e
00000dfe
0000082b
00000f54
00000c4b
00002713
ffffeb09
00000b49
00000f64
000008d0
00000f89
ffffb86a
0000025a
0000096e
00000124
ffffbcd3
000003e9
fffff754
0000162a
fffff073
0000123e
ffffeac1
00001934
000008ad
fffff755
000006d4
ffffbeea
000006f3
00000839
00000930
000009f9
00001cee
ffffeb93
00000ccc
00000f3d
00000b4d
00000cbf
ffffbf87
00000245
00000a3a
0000003f
ffffc075
00000189
fffff13f
00001409
fffff355
00000a8b
fffff154
0000120d
00000886
fffff3a4
00000b82
ffffc090
00000e2b
00000855
00000340
00000a64
0000174b
ffffe9e3
00000fe1
00000b02
00000a01
0000074f
ffffc5fa
0000013f
0000096a
00000137
ffffc77d
fffffef8
fffff296
000013d2
fffffa62
ffffffd0
fffff3a3
00000cb4
00000c74
ffffed8a
000009f1
ffffb5ce
00000bb0
00000b9c
00000767
00000c21
00001517
ffffe8e2
000010b3
00000722
00000b4d
0000055e
ffffcc3b
0000045c
00000615
00000142
ffffc589
fffffb52
fffff772
000013ab
fffff965
fffff96d
fffff1d1
0000097b
000011e3
ffffe4f5
00000565
ffffab82
00000636
00001242
0000160c
000011e0
00002163
ffffe882
00000e88
000003e7
00000b67
000009e7
ffffc519
00000a24
000000ab
000000eb
ffffbc64
fffffa9d
fffff553
0000152c
ffffecee
fffffff1
ffffe90a
0000127e
0000129b
ffffda82
ffffff6a
ffffa095
000005ac
00001757
00002ca3
00001d31
00003493
ffffe50c
00000dbe
000002bc
00000813
00001276
ffffb381
000013ae
fffffbcb
ffffffba
ffffb07b
fffffa05
ffffedff
000014f4
ffffda5f
00000ae7
ffffdaf5
000027c0
00000e39
ffffd00b
fffff93f
ffff9c1e
0000009c
00001861
00004265
00002b6f
0000481d
ffffdecd
00000c07
00000603
00000927
00001d3e
ffff9aa6
000024b0
fffffc61
fffffc31
ffffa38e
fffff73c
ffffdec7
00001067
ffffc1fa
00001af7
ffffcb83
00004267
00000975
ffffcfa5
fffff312
ffff9ad1
00000227
0000164d
00005051
000035f5
0000645a
ffffe86e
000009e4
000011c4
00001350
0000226a
ffff82c1
00002b4b
00000591
fffff6fc
ffff9848
fffff54c
ffffd4eb
00001af4
ffffa082
00002bec
ffffae5c
00005a37
ffffffe1
ffffd716
ffffe327
ffffac26
fffffe9d
000010b3
00004a0b
00003474
00007ddc
0000033a
000006af
00001ea4
00001ad2
00002390
ffff7075
00001900
00001190
fffff5c6
ffffa1e6
fffff475
ffffc0b3
000028d4
ffff6f63
000038c4
ffff9c87
00007149
ffffe47c
ffffcfc4
ffffda25
ffffd30b
000009ca
00000541
000039b3
00002f1e
00007d99
00000df8
0000043f
00001d55
0000117a
00001cc0
ffff6904
00000bd0
00001a9f
fffffb9e
ffffc8af
fffff330
ffff9b07
00002412
ffff51fa
00002dd3
ffffa4b2
00008421
ffffcf09
ffffbdcf
ffffdec2
fffff1e8
00000be3
000003bf
00002c01
0000242c
00006a57
00000fa0
0000006b
0000186d
0000132c
0000100c
ffff70ae
00001138
00001f7c
000001e4
ffffe525
fffff0bb
ffff7a50
00001e6d
ffff4c02
000017ac
ffffb0c2
00007eec
ffffcbf0
ffffb2eb
ffffe56e
00000d52
000004dd
00000974
00001873
000016a7
00005ca7
00001b07
fffffba9
000011cc
00001a1f
000002e1
ffff7994
00000ccf
000020af
0000039a
fffff636
fffff12e
ffff6abd
00002146
ffff4a72
00000b44
ffffc0fc
00006e57
ffffcf6f
ffffad4d
ffffee47
000023b7
00000d9e
00000bf5
000006da
00000e6e
00004fa6
000024fb
fffffc10
00000a09
00001821
fffffa30
ffff88db
ffffffa3
00001df5
00000449
000007b5
fffff61e
ffff6b85
00001f82
ffff5a0f
fffffb88
ffffd9e7
00005d5d
ffffdc23
ffffa820
fffff431
00002e31
00000c2e
00000d23
ffffffb0
0000082e
00003a73
00002ad8
000000c3
00000612
000018fc
fffff880
ffffa1c0
fffff8fc
00001820
000002d3
00000b88
fffff7b3
ffff75fd
00001979
ffff73b4
ffffe9ae
fffff59e
000045e4
ffffed4b
ffffa6f1
fffffb86
000031f1
00000c90
00000f5f
fffffb3c
000004d0
00002a52
00002fa8
00000794
00000386
00001a2b
fffffa94
ffffb803
fffff3b5
000011b9
0000007c
000009e3
fffff9c2
ffff826f
000015ca
ffff8ea7
ffffdc7a
00000bd2
00003103
fffffde9
ffffa7fc
ffffff20
00002f22
00000e27
00000ea3
fffffbee
000007a5
00001d6e
000030cb
00000bdf
00000269
0000173b
ffffffe3
ffffcb5a
ffffee7c
00000d75
fffffd5d
000005a8
fffffbc5
ffff915d
000011d9
ffffa79f
ffffd137
00001b76
00002328
00000c12
ffffa869
fffffd40
00002a61
00000b6b
00000b58
0000023d
00000d8d
0000173f
000034a0
00000c93
000006dd
0000172b
000004a1
ffffd913
ffffed98
00000c53
fffff8f6
fffffcb0
fffffc94
ffffa179
00001088
ffffb4b2
ffffcabb
000021bb
0000194c
ffffff31
ffffa564
ffffff5f
00002646
000010d8
000004b1
000004cf
000007a2
00000199
000022fe
000016b9
00000559
00000f8e
00000e94
ffffe0c3
fffffb58
00000929
0000003c
0000072b
fffffd06
ffff97a4
fffff6a6
ffffc9e1
ffffc20b
0000362e
00001a2f
ffffada0
ffff6fd3
00002082
000012af
00002b37
fffff1e9
00001f0e
000011f9
ffff9b2e
ffff855f
000017c0
ffffd027
ffffcdb6
000012a1
ffffdc6b
00006169
ffffee93
000012a9
00002648
fffff1f7
ffff7f46
ffff7d68
0000423f
ffff9e1f
000089a9
000024a5
00001e80
0000346b
ffffb555
ffffe90b
000028ad
fffffd79
ffffcf1a
00000722
000062fe
00006e4f
00000663
fffffff3
ffffd47f
000006cf
ffffc2d9
ffff3eea
00001703
00000bd7
000002d2
000014c3
00000dbd
00005b62
ffff7557
00000b2a
fffff7d3
00004466
00000b14
ffffb3a1
ffffe973
00002e83
00001402
00000868
fffffd7b
00000a71
00002000
00003df7
000006ec
000003f4
00000188
00000be0
ffffdd58
ffffdb3e
00000bec
00000440
00000bdf
00000728
ffff9b8b
00000dee
ffffa970
ffffccbc
0000208c
000021ad
00000cec
ffffa500
fffff80a
00002e3d
0000089c
00000957
00000b78
000006bc
000010b6
000033ef
00000eab
00000a8f
00001445
00000ff8
ffffe548
fffff3d9
00000a0b
fffffcd5
000000b9
ffffffe0
ffff916f
000008e7
ffffba2a
ffffc4a8
0000248b
0000181f
00000f3e
ffffa767
fffff579
00002ccf
000007a8
000009c0
000009b7
0000098e
0000117d
000033a5
00000da0
00000a66
00000f47
00000ca1
ffffe2f4
ffffefc6
00000a52
fffffaa8
000002c5
00000087
ffff91ec
00000909
ffffb663
ffffc55e
00002353
00001ad3
0000109c
ffffa79b
fffff53b
00002eef
0000094e
000007ab
00000830
00000e28
000015ce
000034c5
00000b10
00000b73
0000127b
00000c97
ffffe1fa
fffff170
00000d5a
fffff9b6
000000c7
ffffff4a
ffff9386
00000a4b
ffffb33b
ffffc673
00001e66
00001b1e
00000e25
ffffa54d
fffff3c9
0000316c
000009d7
0000075a
000008e4
00000ac4
0000133b
000036fc
00000bfb
000008c3
00001006
00000cc7
ffffe35c
ffffef3f
00000c48
fffffba7
00000389
ffffffa0
ffff9414
000008b6
ffffb400
ffffc474
0000244e
00001a70
00000988
ffffa4aa
fffff686
00002c57
00000d61
000007ce
00000b32
00000b39
00001054
000032d7
00000fc9
00000b43
000010d7
00000ebe
ffffe527
fffff2de
00000ba7
fffffc88
000005c3
ffffff2a
ffff9056
000005cc
ffffb768
ffffc0b0
000022fa
00001cdd
ffffed89
ffff90b4
fffffa23
000012e6
00001686
000005fc
00001776
00000aed
fffffb6d
00000a39
000015be
fffff7f5
fffffdb8
000009a4
ffffde65
00000d05
00000256
00000385
00000fd6
fffff6cc
ffff8873
ffffea44
ffffc72a
ffffb36a
00002b6d
000026f0
fffff60c
ffff84b2
0000123e
0000192b
ffffe9aa
000013ef
00001f5e
000011e6
ffffefd7
ffffd61c
00000e6d
fffff76a
000010e4
00001310
ffffc504
000049cc
fffff658
fffffd70
ffffea5d
fffff1e3
ffff75a3
ffffcfdf
ffffe2d6
ffffd741
00003854
00001e42
00001a72
ffffacfb
00002ce0
0000150d
0000026a
00000b03
000013a0
00001d40
fffff830
ffffc58b
000014f8
fffffd8e
000012a9
00001172
ffffc625
00004e15
fffff647
fffff7f2
ffffc030
fffff227
ffffb98d
ffffe50c
00002908
ffffeeed
00002f15
fffffc6e
00002fa0
ffffdfe3
00002ddd
ffffc1de
0000259c
00000821
00000f88
00001ba3
ffffe9f4
ffffcc4c
0000218d
fffffeba
000005b6
00001099
fffff661
00002165
fffff612
fffffd82
ffffaf37
fffffb4b
00001e97
fffffc5e
00006480
ffffdacf
000022d1
ffffdb3f
00003016
ffffffd8
000011f9
ffff8507
000008db
000008b2
00002403
000019c5
ffffef91
ffffd9b7
000018c7
0000169e
00000f46
00002433
ffffff0f
0000103b
fffffed7
fffffce4
ffff9942
000004d7
000038b0
000001c6
00004b50
ffffebdd
00000954
ffffe66d
00001be2
000007d7
fffffc19
ffff9028
fffffb7f
ffffff8a
0000258e
00000e08
00001188
ffffec7a
00000f6a
00001d18
00001236
00001d58
ffffd535
00000a84
00000c8c
fffffb11
ffff9aa6
000000ef
000025d2
000010e6
00000cc3
00000e18
ffffefc0
0000028c
00000201
fffffef5
0000049d
ffffa4ef
00000daa
000006a6
00001305
0000071e
00002170
ffffeb4e
00000ac3
00000d7f
00000a31
00000fb8
ffffb9ce
000001d7
00000c95
00000102
ffffba25
000003d8
0000063f
000014af
fffff36f
000012e3
ffffec92
0000174f
00000f6d
fffff9da
00000797
ffffb91c
fffff841
00000d0c
00000936
00000365
000025b0
fffff363
00000921
00000e36
0000174a
00000c09
ffffb455
0000055a
00000c8c
fffffbf0
ffffb5ab
ffffffa3
fffff560
00001b7c
ffffe6d4
00001afd
ffffed1c
00000ff0
000024d3
fffff9c9
00000f2a
ffffdc2f
0000010e
00000daf
fffff1fc
000005e0
00002485
fffffaa0
00000dac
00000322
00000e91
00000740
ffffbb73
fffff39d
0000061a
fffffac3
ffffbfb3
ffffffba
fffff691
00001f18
fffff724
0000154a
0000048c
00000300
0000375d
fffff804
00001701
ffffe138
0000163f
0000093f
fffff1ab
000011c8
00000a65
fffff38a
000014cf
000000f3
00000137
00000f30
ffffe3ff
ffffedd5
fffffe5b
fffffd07
ffffc4a5
00000484
00000a92
0000124a
00002b58
fffff4ee
00001df9
ffffedb6
00003a2d
fffff7e1
00000ec2
ffffca7c
000014f9
0000009d
00000736
000015c1
ffffed94
ffffed7c
00001843
00000bee
fffffdfb
00001b04
000007e5
fffff708
fffffdb9
ffffff6a
ffffbacd
00000595
00001ea7
000003ea
0000496b
ffffdc80
000025df
ffffdf13
0000209c
fffff2e1
0000085b
ffffb129
000013ca
fffffd38
00001917
00001198
ffffe354
ffffe238
00001724
00000f22
fffffcb0
00001aff
00000746
0000056b
0000012e
0000043d
ffffbbaa
000003b1
00001d8e
fffffa80
00004483
ffffd6c2
00001d55
ffffe812
00001fed
ffffeb82
00000963
ffffb51f
ffffef2f
0000091d
0000149e
000004da
ffffefbc
ffffe458
00001201
00000b06
000011f7
00000c30
ffffe8e3
00001307
0000004a
ffffffcc
ffffab68
fffff8d4
000012ca
000006cf
00002305
fffff2e7
000014d8
ffffe720
000028fb
fffff03f
00001996
ffffb674
000009db
000014d3
000006f6
00000df4
00000cf6
ffffe617
0000165c
fffffdd9
00000e0f
000005db
ffffd633
000002dc
fffff892
000000bb
ffffad4d
fffffb0d
00001d42
00001918
0000227a
fffffe06
00000ac0
ffffef63
000032d9
fffffa13
00000bd1
ffff911f
000012c4
0000143a
00001dde
00001e43
00001a6b
ffffee51
00001e57
00000b89
00000cd8
0000180b
ffffe062
fffffac3
fffff99c
00000026
ffff9f64
fffffd56
00002be0
00001efb
000019a4
fffff988
fffff161
ffffff0d
000020c2
fffff08e
ffffeffb
ffff84b0
00000434
00000e8c
000035b3
00002392
00002d88
ffffef72
00001b36
00001410
00000953
000022a3
ffffcaad
0000034e
fffffd4c
ffffffc7
ffff9ed3
fffff889
00000efe
00001798
ffffe535
000004a3
ffffdaa2
00002413
00000f16
ffffd91a
ffffeb11
ffff9bbd
fffffa5c
000013d8
000040f7
000027a1
00004f00
ffffeb8a
00000ebb
00001177
00000cfc
00001ef6
ffff9e71
0000194a
fffffe25
fffffd2d
ffffa34d
fffff5a9
ffffddb8
000017f2
ffffafba
00001cb0
ffffc352
000045cd
00001eb5
ffffd2de
ffffea95
ffffc839
ffffecd0
00001b4b
00003803
00002af9
000071cc
00000171
0000061a
00001351
00001831
00001c0c
ffff8182
0000156d
ffffffc0
fffff5c6
ffff9e38
fffff6c6
ffffc35f
00002a5a
ffff8966
0000377d
ffffba0a
00004f8e
000024f4
ffffd2ae
ffffecf3
ffffecce
00000b5c
0000142a
0000279f
0000321d
000073c1
000010c3
00000b70
00000c5e
0000063c
00001d92
ffff8a95
fffff9b1
ffffff60
fffff76f
ffffb670
fffffce7
ffffbfe1
00002acc
ffff937c
00002739
ffffcf01
00005227
000023a5
ffffca6e
ffffeb64
fffff44c
0000112d
00000aba
00002af6
000033f3
000053e5
0000166a
00001236
00001340
000004e7
00002451
ffffae5a
fffff921
0000044b
fffff87e
ffffc34a
fffffc9d
ffffbc7d
00001cad
ffffa8f8
0000037f
ffffe2f0
0000460a
00001a25
ffffc377
ffffe86d
00000135
000006b5
000005e7
00002506
000028a5
00003f01
00002375
000011aa
00001810
00000ed1
00002125
ffffbcd8
fffff983
00000d78
fffff80f
ffffce35
fffffa6d
ffffaf5c
00001872
ffffa362
fffff33f
ffffef9b
00003bfc
00000c55
ffffb96a
ffffeea9
00001755
00000b56
00000619
000011da
00001b8d
0000333b
00002c2c
00000fe8
00000fd6
00000fe1
000013cc
ffffbfbf
fffff177
000010c3
fffff8fd
ffffe79e
fffffa46
ffffa16f
00001670
ffffa04f
ffffe57c
00000092
00003556
00000a6b
ffffaf17
fffff5b0
000023b7
00000b2e
0000069d
00000857
0000150f
000026ae
00003162
00000d9d
00000b26
000014ad
000008ee
ffffca36
fffff0ef
00001114
fffff7d5
fffff59b
fffff960
ffff9f25
000013b4
ffffa53e
ffffd788
00000ea1
00002887
fffffa79
ffffa718
fffffd85
000026f5
0000123a
00000450
00000523
00000b81
00000ca8
0000222e
0000127e
000003f7
00000f04
00000dff
ffffd4ab
fffffcb9
00000daf
ffffffdd
0000066b
fffffc17
ffff920e
fffffac9
ffffbbdd
ffffca7e
00002a9d
00002455
ffffa920
ffff6df4
00001f3b
000016ce
00002beb
fffff1ce
00001d39
00001043
ffffa0b2
ffff879f
00001540
ffffcdfc
ffffccf0
00001172
ffffd412
000062c9
fffff0c8
00001321
0000294f
fffff1cf
ffff79d7
ffff7de2
00003a21
ffffa2d7
000086fe
0000290d
00002035
00003303
ffffb627
ffffe7ab
0000266e
fffffecc
ffffd19f
000007e9
00006350
00006a6c
0000058a
fffffed9
ffffd48a
0000073f
ffffc2e7
ffff425f
00001519
00000b7f
ffffffb0
000014c8
00000ecc
00005a3b
ffff77e3
00000cac
fffff76f
00004314
00000f3b
ffffb40c
ffffeac6
00002a57
000012e5
00000a9c
000002ab
00000db1
00002322
00003e39
00000598
00000253
0000009b
00000ca8
ffffdb50
ffffda7b
00000b93
0000028a
000004df
000008cd
ffffa19e
00001181
ffffaaea
ffffd00e
00001d91
000021c5
00000e0d
ffffa613
fffff8d7
00002cb7
0000084c
000009af
00000b79
00000836
0000109c
00003557
000012b6
00000b02
0000162b
00001105
ffffe259
fffff3c2
00000b90
fffffbd8
fffffd5b
fffffdc0
ffff9498
00000836
ffffba20
ffffc688
00002660
000019b9
00001010
ffffa901
fffff89e
00002bbb
0000091d
0000081a
000006c5
00000c2e
00000f51
00003187
0000121e
000009fe
000012d1
00000d25
ffffe35c
ffffeff6
00000c1b
fffff92a
00000095
fffffc14
ffff95aa
000008c1
ffffba3a
ffffc427
00002445
00001a4d
00001286
ffffa7fc
fffff702
00002a22
0000094f
000007df
000007a9
00000ff8
00001238
00003222
00000f61
000009b6
00001260
00000b93
ffffe52b
fffff048
00000c9b
fffff9da
fffffecf
fffffb7d
ffff98cb
00000b35
ffffb88e
ffffc27a
00001e58
000018bb
00001067
ffffa6db
fffff4e3
00002cea
00000811
00000829
0000090c
00000fb1
00001103
000033d9
0000102d
000009d7
0000121b
00000de8
ffffe4f3
fffff082
00000c61
fffffc17
ffffff9d
fffffb9a
ffff962e
00000980
ffffb5aa
ffffc2a6
000021fb
00001b05
00000c6c
ffffa2a7
fffff7ff
00002c16
00000a60
0000085b
00000876
00000c2c
00000c31
00002e3f
00001430
00000538
00001140
00000d32
ffffe413
fffff66c
00000a88
fffffe1c
00000198
fffff872
ffff92e6
0000057d
ffffba82
ffffc022
000026b0
00001a0c
00000a89
ffff938e
000006b3
000039b7
fffffef9
00000b48
0000027e
000009b1
fffff179
00000935
00001479
fffff201
00000634
00000e84
ffffdf28
00000f85
fffffcfa
fffffef5
00000277
fffff636
ffff8871
ffffe69b
ffffde1f
ffffc2cb
00004e68
0000101c
00002d12
ffffaa0a
0000248b
00003729
000004c3
00000b20
00000196
000013f5
ffffea34
fffff7db
00001638
00000266
00001646
0000196e
fffff06f
000025b0
fffffbdf
fffff7be
ffffde7d
fffffce8
ffffab84
ffffeac2
0000223c
ffffcd47
00004c00
ffffed0c
00004692
ffffe0ac
00001ade
00002013
00000e11
fffff7f8
fffff1c7
00000e73
ffffd8c7
00000b35
00001a82
000011c1
00000d7d
00001e23
00001875
fffffa6e
00000702
fffff6f5
ffffd011
00000560
fffff314
fffffd3f
00004f58
ffffc83d
0000524d
ffffcb3e
00003b51
ffffe5ca
00001d7b
0000063d
00001832
fffff31c
ffffe10f
fffffad1
ffffab61
fffffea3
00001ebd
fffffa8f
fffff675
00000b0b
000036d5
ffffe768
00000097
ffffff98
ffffe37e
000004e4
00001bbe
fffff12a
00007c12
ffffaa06
00007728
ffffacc9
0000404c
ffffda7c
000032a4
ffffc9d9
00001160
00000991
fffff244
fffff890
ffff9da4
ffffe4da
000024f4
fffff1e3
0000069f
00000397
00004235
000003cb
fffff23d
ffffffe2
ffffcca3
00000034
000037b5
ffffeec2
00009a20
ffffa2ae
00006c6e
ffff9887
00005c79
fffff634
0000253d
ffffa434
fffff1d4
00001675
000009c3
00000602
ffffc9cd
ffffeead
00002252
0000083f
00001da8
00001ae5
00002a0b
0000024e
fffff24a
fffff863
ffff98d4
000002a3
0000481e
0000053c
000077c7
ffffd4c1
0000418f
ffffac4d
00005803
0000054d
000011d3
ffffac9d
000003d9
00000881
00000d92
00001116
ffffed23
fffff268
00002268
00000687
0000058f
000023a8
000008c6
fffff0b6
fffff589
fffff8b3
ffff9888
00000357
000048b4
00000a68
00005c26
ffffef0c
0000346b
ffffcfa4
000064ad
00001118
000010ce
ffffb90a
00000047
00000897
00000bd2
000016d5
00000242
000005c8
00001cd7
000019b1
000014ed
00002adb
0000059d
ffffeb0a
ffffff47
fffff321
ffff9165
000008d7
00003f18
00001b78
00004abd
fffffad8
00001d05
ffffd3d2
0000606d
000023a0
fffffad7
ffffde60
00000629
fffff73d
fffff63f
00001084
0000076e
000029a6
000016f9
000024d3
00000b70
00002a54
00000c99
ffffc259
00000eb7
fffff47e
ffffab60
00000f43
0000351c
00002694
00002f55
fffff617
00002282
ffffda5b
0000417d
00000ad6
fffffb9c
0000021e
00001989
ffffed6c
ffffdec8
fffffe97
ffffe3d5
00002b00
000016c0
00001094
fffff6c9
000013b1
000020c8
ffffb83f
00000ecf
fffffe50
ffffe1c6
00000cc9
00001db0
00001520
00003794
ffffca51
00004847
ffffcf53
00003281
ffffe3bf
00001192
0000005e
0000118d
fffffd21
ffffdfdb
fffff258
ffffbc99
000012c7
0000187f
fffffda3
fffffd4a
0000044e
000032fc
ffffd82a
00000175
000003a2
fffff13e
000007eb
000009cb
fffffee3
0000515d
ffffaac3
00006327
ffffb8cd
00002ed7
ffffce43
000020cb
ffffe490
00000b8b
00000a51
fffff42a
fffff83b
ffffb0eb
ffffed8d
00001d34
fffff188
fffffea1
000006e8
00002d45
fffffe10
fffff1bd
000004f0
ffffe0ac
00000254
00000a8c
ffffebb5
00006934
ffffaa9c
00006768
ffffb789
00005292
ffffec04
00002006
ffffd942
fffff225
00000fb8
0000057e
00000b17
ffffd6a0
fffff7dd
00001807
000013cd
00001e2d
00001da3
00001e00
000008b8
fffff8fc
fffff8c8
ffffa999
00000695
00001bb9
000003ef
00005dd0
ffffd86f
00003ef7
ffffbba7
00004ef0
00000c9a
0000095e
ffffe70e
00000c10
fffff68e
fffff5a2
00000996
ffffe41b
00000efd
00001a49
000014fd
00000385
00001c3b
00001955
ffffdaf0
000004d2
fffffce1
ffffb5e8
000009b4
0000378b
0000126d
0000547f
ffffdf08
00004157
ffffc673
0000446e
fffffc27
0000141d
ffffdeb6
00001364
fffffe25
ffffe95e
fffffa03
ffffc92c
00000889
00002043
000000cc
fffffeaa
00000a1c
00002ab8
ffffd8b5
fffffc9d
00000301
ffffcadd
000004ed
00003ab8
00000bf5
000066cd
ffffc2b4
00005684
ffffb3ba
00004910
ffffeef9
00001df8
ffffc766
000008c1
00000dcf
fffff621
fffffeb6
ffffc480
fffff644
0000216e
fffffc7d
000006b1
000010c0
00002d38
ffffed6d
fffff1d3
00000216
ffffc0c0
00000565
0000350f
00000085
00006fe9
ffffc21e
0000555e
ffffb2cd
000057f8
fffff609
00001547
ffffbc74
fffffdbf
00000d9e
00000be7
00000cc1
ffffdda2
fffff546
00001ecd
0000096d
00000c36
00001e95
00001da3
fffff807
fffff230
fffffabf
ffffa344
00000589
0000397d
000006fd
000061f2
ffffdac4
00003c6d
ffffc09d
0000668f
0000128b
000003b0
ffffc480
00000119
0000079b
00000d42
00001589
000009a9
00001d8a
000018ae
0000238f
00001599
000027f0
0000121b
ffffd9f5
0000018e
fffff55c
ffff9815
00000d97
00003e04
0000288c
0000385e
fffff1ef
0000155d
ffffd2a8
00004a41
000010b0
ffffeb0d
ffffdf34
000010e5
fffff738
fffffc2c
00000ae6
00000a1f
00003899
00001720
00001be9
fffffe68
00001ef4
00000e04
ffffb43e
00000be9
fffffc6b
ffffc494
00000dee
00002837
000028c9
00000f4d
ffffe19d
00002250
ffffe863
00003064
ffffe452
fffff683
fffff3b5
00000d40
0000012b
fffff640
ffffffcb
fffff766
000030c9
00001602
0000090e
00000207
00000d77
00000aab
ffffc8ba
000006dc
ffffff85
ffffe587
0000064c
fffff881
0000193c
00000067
ffffc7c0
000032d5
ffffea3f
00002e35
ffffcd52
00000162
fffff6ab
000004a0
00000f76
000000e0
0000055f
00000079
00002d15
000012d2
0000081f
000010a7
00000f1e
fffffe2c
ffffdce3
000003cf
fffffc28
ffffe32a
00000610
ffffd99e
0000179e
ffffeeed
ffffc995
00002860
fffff4c5
00002808
ffffc58d
fffff822
fffffde4
000004a9
00000b26
00000bbe
0000105d
00000f3f
00002eb2
00001370
00000cfd
00000e66
0000168b
ffffed0e
ffffe25b
000007f3
fffff8da
ffffe321
000002e0
ffffc767
000013f9
ffffd640
ffffd01e
00001daa
00000c8e
00001fa2
ffffbabd
fffff2d3
00000e85
00000484
000004d9
00000f12
0000175b
00001844
00002f8e
00001002
0000105f
000011cc
000012ab
ffffe0ba
ffffecae
00000cde
fffff623
ffffe7b9
fffffc28
ffffb826
0000116a
ffffc03d
ffffd1f3
00001676
00001924
00000708
ffffad0f
fffff800
000019db
00000da6
000002bf
00000efe
000010ec
00000c54
0000206c
00001138
0000060d
00000ac0
0000144a
ffffdb6b
fffffb35
00000be2
ffffff0a
fffff93f
fffffcfb
ffffa0ff
fffffcf5
ffffc4a7
ffffcc61
000026f9
00002101
ffffaea3
ffff7130
00001b9c
00001351
00002946
fffff2d9
0000235d
0000138b
ffffa4c7
ffff8952
0000146c
ffffd131
ffffcbfc
0000169a
ffffd2aa
0000625e
ffffefd6
00001390
0000214c
fffff42c
ffff7e12
ffff7f2f
00003928
ffffa84e
0000845d
00002b56
00001b97
0000332c
ffffb5fa
ffffe3b0
00002651
fffffd36
ffffd4b7
000007b9
000061bf
00006734
00000374
000000d4
ffffd51f
00000724
ffffc22a
ffff4670
00001659
00000b99
fffffef0
000014fe
00000ebe
000058c4
ffff7888
00000ce0
fffff42a
00004438
0000095a
ffffb4ee
ffffea71
000024d0
000010df
00000a4f
0000039c
00000b89
00002518
00003d8e
000003c2
000002ed
000001a9
0000098d
ffffd5f5
ffffdb58
00000cfa
00000332
00000483
000007ad
ffffa190
0000146b
ffffa55b
ffffd2e3
000017fb
0000242b
00000567
ffffa79b
fffff955
000027e6
000009ad
00000a32
00000a8d
00000890
0000136b
0000342f
000011de
00000c3b
000017d7
00000f18
ffffda91
fffff47c
00000e39
fffffd9c
ffffffda
fffffd3e
ffff90a3
00000aa7
ffffb164
ffffc964
00001f92
0000210a
0000046c
ffffaa23
fffff6b1
000026e6
00000940
000005cb
00000645
00000bc6
0000129d
00002f97
00001071
00000c3b
000014cb
00000be5
ffffdafe
fffff283
00001039
fffffb38
0000033f
fffff9e4
ffff900f
00000a5d
ffffaea0
ffffc70b
00001b7f
0000229f
0000035e
ffffa72e
fffff5cb
000027aa
000009e3
0000068b
00000702
00000d51
00001521
00002eed
00000b38
00000aa6
000012b9
000008b7
ffffda37
fffff4f2
00000fcb
fffffc7b
0000052b
fffffb72
ffff8e22
00000b1f
ffffabce
ffffc682
000016c5
0000223d
ffffffdd
ffffa588
fffff46c
00002753
000009b6
0000082c
000009c8
00000bae
00001668
00002fe2
00000b14
00000b53
00001345
00000918
ffffd891
fffff5f1
00000f2b
fffffeef
00000567
fffffc27
ffff8b82
00000b19
ffffa813
ffffc771
00001653
000024db
fffffbfb
ffffa54a
fffff4cd
00002ce2
0000076a
00000792
0000096e
00000a0c
00001495
00002d64
00000963
00000b47
000013e2
00000b85
ffffd53d
fffff8d2
00001032
ffffffe5
00000649
fffffd41
ffff85c0
00000744
ffffa747
ffffcaf5
00001a5b
00002733
fffff829
ffffaaa0
fffffbb3
0000450d
00000572
0000005f
ffffff14
00000713
00000641
00002505
000004b2
00000c9f
000011ff
00001081
ffffd637
ffffff01
000014ce
ffffffe0
00000b1a
000001db
ffff7f30
fffffa12
ffffbac9
ffffcf54
00002f64
00002086
fffffa12
ffffb920
00000765
00003e04
00001892
fffff800
fffff235
fffffb4b
fffff485
00002a72
000008b3
00000e37
0000146b
0000049f
ffffed76
fffff885
00001cfd
ffffffac
00000e77
0000024c
ffff9e6d
000003d6
ffffdea6
ffffbed5
000030a4
00000335
fffffdd0
ffffc7b9
00000547
000025d2
00000ffb
fffffe4c
ffffe315
ffffeae4
ffffe720
000038c0
00000770
00000af9
00001807
fffffbf5
0000024e
ffffdddb
00001dab
00000146
000015bd
000005ef
ffffb4a5
00000db2
ffffe286
ffffb51a
000035ea
fffff05d
fffff5d4
ffffbfcd
00000730
00003815
0000076b
fffffc16
ffffdbb5
ffffe8a7
ffffd472
00002799
000001ed
fffffe3e
00000b5d
fffffba4
fffffe43
ffffe446
00001874
00000343
00002158
00000732
ffffaa9f
fffff67c
ffffeed3
ffffb695
00005789
ffffefde
fffffde7
ffffb86f
0000205d
00004064
00000d07
fffff9d6
ffffda0f
ffffe90f
ffffbace
00000b38
00000725
fffff7fc
00000e17
fffff688
00000870
000003f3
00001097
0000033b
0000131f
000001f0
ffffbe5a
ffffe961
0000297f
ffffb0d0
00006ebb
ffffd174
00001f0c
ffffdb89
00002c0e
000013a0
0000132d
000001f0
ffffd989
ffffe7b1
ffffb84d
00001661
000011ba
000005e1
00001efe
fffffa2b
000028e0
fffff279
00000f45
000002ed
fffff1c7
00000672
fffffc71
00000615
00005350
ffffaef2
00005d9e
ffffaf4c
00002827
fffff942
000016c0
fffffb80
00000bb3
fffffdc1
ffffd429
ffffe379
ffffb51c
000024c7
000013f8
0000084a
000011dd
000003c1
0000354e
ffffcbd4
0000103d
00000554
ffffedf5
00000d22
00001a21
00000b08
0000505b
ffffb3c9
000065c1
ffffb017
00002c0c
fffffe30
000013a7
ffffebb3
00001472
fffffee1
ffffd878
ffffe326
ffffc7f3
0000353e
0000149d
00001019
00001849
00000053
00003498
ffffc2f8
00001434
00000197
ffffeb84
00000e77
0000201a
00001d0a
0000403e
ffffb396
00004a48
ffffb36a
000023dc
fffffe1a
fffffdf9
ffffe040
00000fa3
000002da
ffffdf59
ffffe388
ffffe37c
00004cf4
00000e80
0000159a
0000177b
00000211
0000275a
ffffad04
00001889
0000009e
fffff6ed
00001270
00000c68
000028c3
0000075c
ffffb975
0000312c
ffffd0a6
000005f4
ffffde42
ffffeeb1
0000044d
0000082d
fffffe6e
ffffe7bd
ffffe853
fffff16f
00004645
00000166
00000dfa
00000ac1
00000381
00000351
ffffbd65
00001857
000000e9
00000ffd
000011be
ffffd0a9
000011bd
ffffd3ee
ffffc2bf
00003777
fffff8f0
fffff573
ffffbc3d
fffffef8
00003048
00000735
fffffced
ffffed16
ffffeacd
ffffeff8
00002f44
fffffa03
0000072d
00000df4
ffffff73
ffffeb1e
ffffe9b1
0000157d
ffffff61
0000175b
00000db3
ffffa624
fffffca2
ffffd593
ffffc879
0000448a
ffffffa6
fffff8ac
ffffb3e9
00001534
00004379
000008f9
fffffcaa
ffffe53c
ffffe745
ffffd63d
000016ab
fffffc96
fffffc55
00000c80
fffffabb
ffffefc4
0000006d
00000dfa
00000018
0000134a
00000bb3
ffffad55
ffffecd6
000004f5
ffffc58b
000064d2
ffffe831
00001980
ffffd1f6
000022f1
000016fa
0000190a
000002eb
ffffe671
ffffe90f
ffffd925
000025e8
00000683
00000b58
00001ea1
fffff9df
00001157
fffff0c4
00000f7b
fffffccd
fffff612
00000ee4
ffffeadf
00000e17
00002c3d
ffffbcd4
000048d3
ffffc690
00001d21
ffffeca8
000003e3
fffffac6
00000b88
ffffff09
ffffe5c4
ffffe505
ffffdaf5
00003b4e
000006c4
00001102
0000122f
000004a2
00001c8a
ffffc58b
000011e0
0000001d
fffff7d3
000014f5
fffffed5
000012da
0000144e
ffffc047
00004ada
ffffd14e
00001016
ffffdf35
0000020f
00001917
00000676
fffff9bd
ffffe515
ffffe606
ffffd8db
000032e1
000001c8
00000d5d
00000d2d
000004ca
00000d18
ffffd31a
00001360
00000073
000001e1
00001317
ffffe295
0000049a
000009a2
ffffc57d
0000574c
ffffdd03
00000ce4
ffffd4b9
0000132f
0000290e
00000ec7
fffff8a7
ffffdcdc
ffffe1c7
ffffcab8
00002576
000003f8
00000555
00000e08
fffffb98
00000fde
ffffe322
0000108e
000001ae
00000692
00000f83
ffffe180
fffffdd4
0000242d
ffffbd4f
00006578
ffffcd6e
00001bcc
ffffe043
00001d26
0000155c
0000118b
ffffff30
ffffd937
ffffe06b
ffffc271
00002723
00000818
00000764
0000155a
fffffae3
00002303
ffffdc75
00000dcf
00000103
fffffbac
0000118a
fffffb9c
0000079a
00003d98
ffffb666
00006400
ffffb95c
00002574
fffff1dd
00000d88
ffffe99b
0000182f
00000232
ffffe3e2
ffffe21f
ffffd6b6
0000409e
00000d40
0000123f
00001874
fffffcaf
00002d20
ffffc17d
000011af
00000037
fffff21b
00001396
00001649
00002181
0000282b
ffffb2fb
00004043
ffffbed0
00001355
ffffe5e8
fffff454
ffffe7f3
0000066f
000005bd
ffffeef8
ffffe413
ffffebef
000049a6
0000052c
00000f28
00001176
00000281
0000114f
ffffb8c8
00001274
00000052
fffffe0f
000014e9
fffff227
00001add
ffffe831
ffffc11b
00003832
ffffe73c
fffffea5
ffffc727
fffff611
00000e9f
000005b7
0000041d
fffff99e
ffffee01
00000205
00003d86
fffffcd4
00000d65
0000122e
00000540
ffffe8a3
ffffd9ed
000013a1
fffffc87
0000073b
0000118c
ffffbba6
00000b64
ffffc59a
ffffd18d
00003236
0000080e
fffff908
ffffb9cc
fffffec8
00001b1d
00000c39
000003a4
fffffe00
ffffefe4
00000bf0
00003a0c
fffffc5c
00000b11
0000166a
00000004
ffffd8f7
ffffe9c7
000014b3
fffff96a
0000072e
00000dcc
ffffaca1
00000d7a
ffffbed4
ffffd51c
0000299e
00000dc9
fffff994
ffffb4aa
0000007d
000017c7
00000a00
000008a0
fffffb9d
fffff123
00000d74
000038ab
000000a7
000007df
000016e6
fffffe21
ffffd551
ffffe8ed
00001130
fffff911
00000a38
00000aa8
ffffa6e4
00000dc2
ffffb9a1
ffffd35d
0000291f
000011b3
0000014d
ffffb091
fffffcbb
000019a4
000006a3
0000088e
00000178
fffffd79
000015ce
0000351b
000000d3
00000b19
00001924
fffffeae
ffffd26f
ffffee48
00000f42
fffff694
00000318
0000051f
ffffa643
00000f28
ffffb174
ffffd533
00002078
0000179c
fffff71f
ffffa8ff
fffffc0f
00001c59
00000b13
00000584
00000a4c
0000015a
00000ef1
00002451
00000398
0000048e
00000dfd
00000885
ffffd009
fffffa3d
00000ad7
fffffe9b
0000059c
000005a0
ffff9ae7
fffffe16
ffffb9ce
ffffd3be
00002abc
00002062
ffffa8ef
ffff70f3
00001cea
00001552
00002409
fffff580
000021a8
000009ae
ffffaa96
ffff8fcf
00000e72
ffffd22e
ffffcfed
00000fae
ffffc883
0000602c
ffffefc0
000012b9
000024b1
fffff933
ffff7b67
ffff8404
00002e41
ffffb1f3
000084e1
00002bd0
fffff311
00002a63
ffffab06
ffffbb70
00001ea9
fffff98c
fffff281
00000773
00006355
000052c0
fffffc87
00000afd
ffffda64
000007e1
ffffaf82
ffff66ea
00001f44
00000e62
fffffad4
00001060
ffffff68
00004d29
ffff5bd2
000011f0
ffffd2a7
00005e5b
ffffd4db
ffffaeac
ffffe1fe
00000b78
0000088e
00000d10
00001549
0000066a
000045d9
00002f39
fffff405
000007f7
00000ca3
00000062
ffff9d5f
fffff7f1
00001975
00000631
000005db
0000043a
ffff8095
0000171e
ffff63a7
fffff4bf
ffffe561
00005129
ffffc831
ffffa14b
fffff430
0000134e
00001207
00000cf1
00001621
000003c1
00003e74
000024bb
00000079
00000aca
00001aa8
0000010f
ffff9671
00000a6b
000019b3
0000026a
00000c0c
fffffc72
ffff6d46
00000f52
ffff6b47
ffffee32
ffffebd7
00005767
ffffc9a7
ffffa103
fffff11f
00000e5f
00000969
00000aa1
000016ac
00000613
00003c9e
00001f01
fffffc7a
00000c45
00001bc3
ffffff5a
ffff9663
00000e28
00001aae
fffffe62
00000a6e
fffff9ab
ffff6adb
00000cee
ffff6757
ffffeeb2
ffffe6ed
000057b3
ffffc793
ffff9dc6
fffff067
000010d7
00000c0f
00000b21
000018db
000008a2
000043d6
00001c50
fffff7cc
00000b39
00001857
fffffd33
ffff90f0
000011d8
0000196e
ffffff1d
00000b7c
fffffbe8
ffff6897
00000c62
ffff636a
fffff20f
ffffe1d0
00005a88
ffffc64b
ffff9ca2
ffffef6e
00000ea5
00000ab5
00000c8d
00001dc1
00000903
000044ce
00001a3b
fffff8cb
00000b25
0000185f
fffffe79
ffff8f33
00001509
000017fc
00000048
0000083a
fffffbce
ffff68a2
00000bd4
ffff6244
fffff429
ffffe047
00005c7b
ffffc6cd
ffff9d7d
ffffefa2
00000d7c
000009c7
00000dfe
00001f40
000009ab
000047f6
0000194b
fffff9db
00000ab0
0000197c
ffffff09
ffff8bf5
0000167f
000017e7
000000a4
000004b0
fffffa52
ffff6900
00000d87
ffff6026
fffff7aa
ffffdd7a
00005e6c
ffffc604
ffff9f7b
ffffeffb
00000aab
00000c6e
00000cf4
0000201d
00000b79
00004a7d
00001910
fffff98d
00000a85
00001903
000000fd
ffff89e2
000016b8
00001a06
000000ad
0000045b
fffffab1
ffff69c5
00000e29
ffff5f67
fffff994
ffffd9f5
00006161
ffffc4ba
ffff9ec1
ffffef15
00000785
00000a53
00000c61
00002134
00000aff
000049c4
00001772
fffff8f3
000008f3
000018a1
0000006a
ffff8725
0000189e
00001ac8
00000031
00000332
fffff891
ffff6a4e
00000dbf
ffff5d91
fffffacc
ffffd951
00006296
ffffc7e9
ffff9f00
fffff038
00000700
0000085f
00000eaa
0000215e
00000c1a
00004ecf
00001974
fffff7bd
00000927
00001c26
00000039
ffff8361
000019d1
00001b74
fffffef9
0000000d
fffff851
ffff6a14
0000110d
ffff59be
ffffff45
ffffd4e5
00006368
ffffc3d4
ffff9f1b
ffffef5d
000011ab
00000afb
00000ad6
0000203e
00000f1a
00004a5a
00001369
fffff46e
0000082a
000015a3
00000395
ffff815d
00001a7f
00001af1
00000019
0000038c
fffffb05
ffff67af
000007ab
ffff5fb9
000000f8
ffffe0bf
0000672c
ffffc2d7
ffffa2d1
fffff54d
000021cb
00000b68
000002dc
00001bf2
00000b7c
00003bb4
00000e38
fffff214
00000da8
00001850
0000046c
ffff8983
00002411
00001de2
000000a0
0000017e
fffffcaf
ffff6dc2
ffffff70
ffff7787
ffffffe1
fffff012
000058b9
ffffc5d2
ffffb10b
fffffd10
00001426
00001691
00000112
000010f1
fffffd85
00002e2b
0000184d
fffff662
00000d64
00001bef
fffff994
ffff9e63
0000152a
00002076
000002b2
00000249
fffffe76
ffff8d32
00000d83
ffff9036
fffff350
fffff29d
00003f25
ffffc9c6
ffffbaca
fffffcb3
000005e7
00000d19
0000094f
000004d1
fffff181
0000237e
000021c7
fffff60a
00000873
00001cfe
fffff5bf
ffffa9ca
ffffff8e
00001e65
0000040c
00000735
00000342
ffff9962
000011fa
ffff92b5
ffffefcf
fffffe97
0000344e
ffffd2a2
ffffbaae
fffffe7e
00000249
00000ca8
00000c96
000001c0
fffff001
00002a3c
000029a2
fffff83c
000006d9
00002093
fffff379
ffffa864
fffffa8f
00001cf2
ffffffc7
00000412
00000321
ffff9e6d
00001840
ffff8f3f
fffff1d8
fffffc5d
00003080
ffffdcdf
ffffb564
fffffd1d
fffff9ac
00000e61
000012fc
0000057d
fffff40c
000034ce
00002ee6
fffffb10
00000161
00001e41
fffff3e4
ffffa657
fffff312
000016be
fffffbda
00000266
00000390
ffffa0c5
00001c12
ffff875a
fffff17a
fffff924
00003511
ffffe171
ffffa82a
fffff8c3
fffffd75
00000a78
000014b3
000014c6
00000113
00003d6d
000027bb
fffff8bd
000000c4
000018fa
fffffef4
ffff9d2e
fffffe22
000010a8
fffff750
fffffd1b
00000610
ffff9429
00000e01
ffff7f88
fffff791
fffffdb1
00004407
ffffe542
ffffa17d
fffff7ed
00000ac8
00000905
00000de1
00002455
00000b57
000043fb
000021ed
fffff6c0
00000987
00001b54
00000a02
ffff9509
0000120a
00001178
fffff27b
fffff099
0000065c
ffff8cf2
00000492
ffff81da
000000de
fffffd09
00004b04
ffffe3bc
ffffa8a0
fffff94d
00001da0
00000b0b
00000393
000020b0
00000a80
00003ba8
000020e7
fffff550
00000fe6
00001a13
00000e03
ffff9847
000013bc
00001687
fffff217
fffff11e
000008a2
ffff8faa
fffffe7c
ffff9026
0000033b
00000a6d
00004625
ffffe36b
ffffb015
fffffe74
00001270
0000182e
00000019
000016dc
ffffff29
00002e1f
000028d9
fffffaf3
00000d8c
00001abc
00000020
ffffab30
0000087b
000018dd
fffff42e
fffff5b9
000005e4
ffffa9ba
00000a6d
ffffa397
fffff1d4
00000b3d
0000302a
ffffe54a
ffffb1f4
fffffe48
0000009f
00000db6
00000c5c
00000f9f
fffff5b8
00002683
00002dee
fffffc33
000006df
00001de0
fffffc15
ffffb49c
fffffa28
000013b4
fffff783
fffffae6
000007dd
ffffade7
00000d35
ffffa017
ffffec69
0000112d
000029cc
ffffe858
ffffb024
fffffbcf
00000574
00000a02
00000cdf
000014c1
fffffd39
00002f2d
00002c4a
fffff9df
00000a10
00001e33
000002ed
ffffad3c
fffffe00
000012c4
fffff53d
fffff656
00000906
ffffa63b
00000ad4
ffff97fb
fffff41c
00000e3a
000032f9
ffffe7b5
ffffb1b9
fffff9da
00001546
00000c3c
00000507
00001503
fffffff9
00002f4f
00002bb3
fffff765
00000e18
00001b2c
0000074c
ffffaa2f
00000282
000015e4
fffff497
fffff68f
00000a74
ffffa1a3
000005b0
ffff9aa5
fffff82d
0000138b
00003529
ffffe76a
ffffb324
fffffead
00001790
00001287
00000284
00000eee
fffff947
000026d8
00002f43
fffff8d3
00000bb2
00001ade
00000177
ffffb2ff
ffffff01
00001797
fffff576
fffffa40
00000a84
ffffaa93
00000976
ffffa7a2
fffff000
0000195c
000028d5
ffffea00
ffffb033
000001fa
000005cc
00001234
00000a57
00000c48
fffff267
000020e2
0000324c
fffffbf7
00000479
00001b52
fffffa32
ffffbacb
fffff792
00001245
fffff5c7
fffffcdd
00000a85
ffffb49e
00000dc8
ffffaba1
ffffe70b
00001b88
00002003
fffff145
ffffaa35
000001a9
fffffc17
00000767
000012f5
000014bb
fffff8be
000028d5
00002e78
fffffc03
00000236
00001e33
ffffff64
ffffb2ff
fffffb88
00000ccb
fffff259
fffff3ff
00000a3f
ffffaf5e
00000b69
ffffa22f
ffffeedc
00001876
00002849
fffff5a4
ffffa6b8
ffffff36
fffffe16
000009a3
000010d8
000020cc
0000051e
00003748
00002a4c
fffffcb6
00000643
00001d4b
00000844
ffffa5d0
000005bd
00000be2
ffffeebd
ffffe913
00000965
ffffaac3
0000085a
ffff9ae5
fffff97a
0000101d
000035e3
fffff788
ffffa85a
fffffdc5
fffffe90
000009fd
00000d9c
000026f0
00000a2a
00003eb6
00002ad8
fffffdc6
00000a5e
00001ea3
00000eee
ffff9f73
0000092c
00000ea7
ffffec04
ffffe234
000008f9
ffffa863
000008a5
ffff96db
0000001a
00000a4f
00003cff
fffff42e
ffffaa62
fffffb8a
000003d5
00000bec
00000958
000023e8
00000a3c
00003eb9
00002af8
fffffffc
00000e59
00001d76
00000fca
ffff9da3
000008e3
00001114
ffffebb4
ffffe6bd
000007c1
ffffa394
00000649
ffff948c
ffffffd5
00000a2d
0000409d
fffff526
ffffab43
fffff7e0
00000a6b
00000b1d
000004e4
00001fcf
00000c9f
00003e43
00002b68
fffffdec
00001110
00001de3
000009d6
ffffa2b8
0000076e
00001276
ffffeb3b
ffffea5f
000003c0
ffffa5a7
0000096d
ffff91e4
fffffb4b
0000063b
00003d3f
ffffe8f7
ffffa6e2
fffff9a5
00000f73
00000cdc
00000477
00001e63
000006a9
00002e71
00001e73
000000f9
0000096e
000013f6
00000b32
ffffa929
00000af7
00000e72
fffff5fc
fffff691
00000570
ffff99e9
fffffbff
ffff9e4c
fffff31b
000014ef
00003c35
ffffa5dd
ffff7775
00001a5e
000014ee
00001d18
fffff66f
000025d8
00000961
ffffc82c
ffff94f8
00000ba1
ffffd927
ffffdbb9
00000e9c
ffffa9c9
0000634b
fffff31a
00000bfe
000017c2
fffff794
ffff7a42
ffff8caf
000010bc
ffffd086
00007235
00003c0b
000015b0
0000128b
ffffceef
ffffa199
000013bb
00001460
00000165
000014a6
00005cf1
00002254
00000610
fffff3ef
ffffe044
000009e5
ffffa989
ffff93eb
ffffff44
000007f6
ffffd3a2
000009a5
0000115f
00003e02
ffff9456
00001cd6
ffffe16c
0000487c
000014b3
ffffb9ab
fffff1fd
ffffd4a2
000002b6
00001abb
000039c5
0000298f
000055b9
000007ca
00000237
00000743
00000b57
00001b80
ffff9c5c
0000149a
fffffd23
fffff9e3
ffffb92f
00000266
ffffbf39
000013b0
ffffa283
00001258
ffffddb1
000043d0
00000b39
ffffb409
fffff591
ffffdb0b
00000767
000011d7
00003d1b
000026bc
00004f7c
00000210
00001047
000008c8
00000fb0
00001fb2
ffff92ff
00001dbe
ffffff50
fffff503
ffffba00
fffff83c
ffffb7a9
00000aa7
ffffa452
00001208
ffffe9ab
00004d78
00000fd8
ffffb168
fffffc68
ffffdad4
00000521
00001440
00003a1e
000029ea
00005089
fffffb74
00000c84
0000088c
000013bb
00001ce9
ffff9200
000023b7
fffffd77
ffffefcb
ffffb85b
fffff86d
ffffb5ef
0000095d
ffffa8af
00001320
ffffe746
000049af
00001371
ffffb29d
fffffa22
ffffd997
00000669
0000113d
00003d8b
00002c0f
000052e8
fffffabe
0000098f
00000979
00000f3b
00001d88
ffff92a0
00002446
fffffc15
ffffef04
ffffb665
fffffb48
ffffbbb9
0000077f
ffffaca0
00001545
ffffe711
00004863
000015db
ffffb40a
fffffac9
ffffd822
000003a7
0000117a
00003f9d
00002b38
000050ac
fffff91d
00000b17
00000b3d
0000104f
00001ef0
ffff945c
000025ac
fffffa29
ffffefe0
ffffb229
fffffae7
ffffbed5
00000780
ffffb142
00001684
ffffe9b7
000045d5
00001953
ffffb7ec
fffffaab
ffffd5d7
00000503
0000117a
00003fdb
00002d7d
00004ff6
fffff86f
00000b62
00000b8c
00000f79
00002010
ffff96ba
000023b2
fffffa1b
fffff0ad
ffffaec1
fffffad0
ffffc4be
00000a45
ffffb573
00001680
ffffe854
00004475
00001987
ffffb8f1
fffff939
ffffd164
0000053e
00001095
00004069
00002d2b
00004e46
fffff787
00000c05
00000af3
00000d81
00002081
ffff9916
00002301
fffff978
fffff1db
ffffae2d
fffffa9c
ffffc8ef
00000988
ffffb82a
00001531
ffffe8d3
000042f4
00001c72
ffffb947
fffff9f5
ffffd173
00000120
00001278
000041c4
00002dae
00004d4f
fffff591
00000b96
00000abc
00000f12
0000213d
ffff98b4
000024fc
fffff877
fffff19a
ffffaa35
fffffa1e
ffffc985
00000988
ffffb9d3
000017ca
ffffe9de
000041ef
00001e47
ffffbd7c
fffff92d
ffffcf5a
000005d5
0000114c
000042b6
0000306b
0000511f
fffff77e
00000c2a
00000dda
00000e93
000022d6
ffff9a45
000021f3
fffff956
fffff211
ffffa804
fffffb0d
ffffceca
00000cec
ffffbb87
000017f2
ffffe4c0
00004278
00001b3e
ffffbb72
fffff58b
ffffce80
00000364
00001021
000043bf
00002fe4
00004c01
fffff48f
00000de5
00000ac9
00000a80
00002125
ffff9b89
00002146
fffff836
fffff321
ffffa91d
fffff88a
ffffd0cf
0000095d
ffffbb81
00001514
ffffe9f6
00004293
00001d2e
ffffb93a
fffffa76
ffffceb5
000002ee
0000147b
000044cb
00003194
00004cd4
fffff281
00000f14
00000a78
00000f8e
00002031
ffff9b07
00002615
fffff6f5
fffff301
ffffa472
fffff831
ffffd1a4
00000a85
ffffbe31
00001622
ffffe80a
0000403a
00001e2f
ffffbd87
fffffa44
ffffcb2a
00000613
0000141a
00004483
00003198
00004ee4
fffff4fe
00001173
00000a91
00000fb3
00002257
ffff9ba7
00002212
fffff7b4
fffff316
ffffa195
fffff823
ffffd7eb
00000c39
ffffbf81
00001763
ffffe7fc
00004049
0000201b
ffffc027
fffffa0c
ffffca44
000004d5
00001357
000043c3
000031a3
00004fab
fffff9ae
00001188
00000b96
00001184
000023c7
ffff9b9d
00001efe
fffffaa9
fffff09b
ffffa072
fffff8c8
ffffda77
00000e3e
ffffbe0f
000018d7
ffffe7ad
00004032
00001d95
ffffc61e
fffff9da
ffffcbfd
00000857
00001069
000040e0
000030ac
00005247
000002d7
00000f7c
00001098
00001478
0000250d
ffff9b04
0000179c
00000160
ffffef09
ffffa3e0
fffffc61
ffffd9b4
000011d9
ffffb872
000019af
ffffe4aa
0000430d
00001639
ffffc623
fffff5bd
ffffd664
00000686
00000b32
0000381f
00002a62
00004d86
00000c83
00000e73
0000108c
000014e1
00002094
ffff9b15
00000fca
000007f9
ffffedf5
ffffaea2
fffffa79
ffffd4b0
00001227
ffffaf33
0000159d
ffffeb1a
000042ff
00000b04
ffffbc35
fffffc83
ffffe0a5
00000bc6
00000abc
00002f92
0000259d
0000425a
000009dd
00000de1
00000880
00001329
0000174b
ffff9ce5
00001083
000008b4
ffffef37
ffffbe84
fffff964
ffffcdb5
00000c10
ffffb319
00000a71
fffff75f
00003f55
00000757
ffffb6af
00000245
ffffdbc9
00000b8b
00000e23
00003088
0000237a
000039ea
000007bc
000010fb
0000080e
00001a00
00001417
ffffa32b
00001732
000008aa
fffff022
ffffbec8
fffff6bd
ffffcedd
00000a4b
ffffb890
00000261
fffff92f
0000394a
00000767
ffffb7d4
ffffffe0
ffffd72d
000006b1
00000ff0
000030b0
000021f2
00003baa
00000b1d
000012f9
0000086c
00001ecb
000013e2
ffffa25c
00001619
0000096a
fffff04f
ffffbbe8
fffff398
ffffd072
00000d60
ffffb16f
0000045a
fffff619
00003a20
000004fa
ffffb7c1
ffffffbd
ffffdb8b
00000833
000010ce
00002fb5
000022ea
00003fc2
00000ac6
000012db
00000729
00001d12
00001579
ffff9d65
00001424
0000091b
fffff130
ffffbe20
fffff48d
ffffcb2e
00000cae
ffffad20
000007c2
fffff707
00003fc2
00000423
ffffb775
00000022
ffffdef2
00000a4f
00000f17
0000303c
000023e8
00003edf
000009ee
000012dd
00000887
00001ca7
00001608
ffff9d4c
0000163f
000009ee
fffff103
ffffbe01
fffff475
ffffc9ff
00000bc1
ffffaf1f
000006e9
fffff6fc
00003fed
000001e2
ffffb797
ffffffed
ffffdb7c
00000d04
00000dcb
00002fb4
000022c6
00003e5d
00000bc7
00001253
000008b2
00001d1c
0000136d
ffff9f66
0000153c
00000b96
fffff0ce
ffffc050
fffff446
ffffcd0e
00000d19
ffffae8e
000003e6
fffff49b
00003e95
000000d2
ffffb6d6
fffffe1a
ffffda8e
00000846
0000107f
00003011
00001fed
0000405a
00000fff
00001081
000008d1
00001ffa
0000127d
ffff9d7d
000012d0
00000c32
fffff067
ffffc079
fffff598
ffffcaae
00000eb1
ffffa6b4
00000670
fffff3e1
00003fdb
fffffeb1
ffffb591
fffffde8
ffffe091
0000096f
000010d5
00002f84
00001fcd
000043cf
000011e7
00000f39
000007cd
00001f3e
000012f3
ffff990f
0000108f
00000cc0
fffff034
ffffc33b
fffff698
ffffc5b4
00000e67
ffffa1c3
000008a7
fffff481
00004438
fffffbd1
ffffb37c
ffffff9c
ffffe8b8
00000add
00000db6
00002d11
00001f8b
00003fd2
000010ec
00000f5b
0000070e
00001e90
0000130d
ffff98c7
000013a3
00000ed8
ffffef49
ffffc71e
fffff5ea
ffffc1fd
0000096c
ffffa453
00000721
fffffb43
000043a5
fffffc5c
ffffb47a
000003ef
ffffeb50
00000c26
00000bbb
000028b2
00001de3
00003977
00001173
00001039
000006f9
000020f2
0000112f
ffff9d96
0000143f
000010eb
ffffeea1
ffffc847
fffff4c8
ffffc5a8
00000a3d
ffffacbd
000002f2
fffffed5
00003ca2
fffffbf6
ffffb676
0000061e
ffffe810
00000d9f
00000c27
00002464
00001a28
00003204
0000130d
0000125a
000004ff
000020db
00000dd9
ffffa3df
00000fe0
00001192
ffffefb6
ffffcb07
fffff4b5
ffffcbd8
00000af7
ffffb376
fffffd60
00000431
00003659
fffff881
ffffb7d4
00000882
ffffdcb2
00000f41
00000e1c
0000251f
000018df
00002e56
000011b0
00001538
0000051f
00002292
00000efa
ffffa77e
00000e08
00001226
fffff10b
ffffcbdd
fffff514
ffffcd1d
00000b52
ffffb650
fffff8f8
0000010a
00003679
fffff52a
ffffb863
0000058a
ffffd73f
000009b4
00000f8c
00002590
0000177f
00002f6c
0000101a
00001709
000007ca
000025b9
00000e09
ffffa2b4
00000fca
000012d2
fffff00b
ffffcb3e
fffff220
ffffc643
00000abc
ffffacd6
fffffb90
fffffb0d
00003bf9
fffff3ae
ffffb828
000000ef
ffffdcbf
00000c75
00000d39
0000230b
00001cdc
00003ca0
00000f7b
00001235
00000b1e
000025f5
00000a08
ffff9c1f
0000103d
000012f6
ffffef39
ffffce55
ffffef75
ffffc27d
00000df3
ffff9f7b
ffffff61
ffffeed7
000042a9
ffffe9db
ffffb5cf
fffffd0d
ffffe65c
00000946
000007d1
0000241f
00001975
000037a3
000005bf
000012ec
00000adb
00001e45
00000fab
ffff9c0c
00001715
0000107f
fffff6e0
ffffd85f
fffff113
ffffb1db
000001aa
ffffa02b
00000012
fffff609
00004723
ffffb2ae
ffff9250
000017b1
fffffd81
00001947
fffff9f0
00002462
000018b2
ffffe201
ffff955c
0000143f
ffffe15b
ffffeb1a
00001270
ffff99f4
00005f58
fffffa69
00000a9b
fffff815
ffffeb2e
ffff912e
ffffa467
ffffff9f
ffffe90c
00004d05
000045f5
00000a67
00002537
ffffdbd5
ffffc009
00002470
fffffd95
ffffec3c
00000b9e
0000373e
00001a37
00000718
fffffdea
ffffdd65
0000069e
ffffc28a
ffff968f
00000d8c
00000adf
ffffde56
00000cbb
00002282
000032e4
ffffcae0
00000ce5
fffffc8f
00002ad1
000009dd
ffffd7c3
0000038d
ffffd962
00000a71
00000d6a
00000f4c
000009f6
000017b1
00000a84
0000065e
000007aa
00000f51
0000055f
ffffcf5b
ffffff22
00000acc
00000129
ffffcdd7
000004b6
ffffea03
00001433
ffffe4bc
fffff151
0000035c
000008eb
0000037f
ffffd9e1
00000978
ffffdd46
000009db
00000ced
000009d7
00000601
00001104
0000092c
0000124c
0000089b
000016c2
00000be5
ffffc947
fffffa6e
00000c05
fffffeb7
ffffd134
ffffff99
ffffe2f0
00000eed
ffffe528
fffff36c
000012e1
00001231
000005bb
ffffd9a6
00000c77
ffffde79
00000e1c
00000785
0000082b
00000a4c
00000f0f
0000054e
000010ef
00000943
00001707
000008ac
ffffcaf0
fffffe5f
00000f29
fffff996
ffffd076
fffffd14
ffffe772
00000db4
ffffeb79
ffffefe4
00001064
00000e85
00000438
ffffd980
00000c6a
ffffdcbb
00000ed6
000006d7
00000607
00000874
00000bee
00000605
00000f75
0000093a
00001672
0000078d
ffffcf01
fffffe2d
00000f14
fffff996
ffffd397
ffffff5e
ffffeaf5
00000a0e
ffffeeff
ffffed63
00001433
00000a40
00000121
ffffdbe2
00000c72
ffffda83
00000f02
000005c0
00000834
000005b8
0000094e
00000555
00001116
00000c6d
0000187b
0000088e
ffffd1fe
ffffff54
0000100f
fffffac1
ffffd3d3
ffffffd3
ffffebb6
000008f9
fffff188
ffffec9e
000013c3
00000991
fffffd1f
ffffdd5d
000009a5
ffffd820
00000dd7
0000050c
0000084a
0000043d
00000837
000004a1
000010a3
00000c63
00001722
000005ab
ffffd27f
fffffd41
0000110b
fffffba5
ffffd52a
fffffeac
ffffecfa
00000aaa
ffffee59
ffffebac
000010fa
00000a48
fffff9d2
ffffdcc3
000009dc
ffffda94
00000bf8
0000068f
000005c2
00000274
00000810
00000235
0000104d
00000ae7
000017a0
00000339
ffffd069
fffffee3
000010e7
fffffdfa
ffffd7ac
fffffd6d
ffffe91a
000009b8
ffffebb8
ffffecd6
0000104a
00000aa4
fffff951
ffffdf7e
00000a5f
ffffdb15
00000e85
00000643
000004dc
000004e4
000008b4
00000084
000011b6
00000b84
000017d4
0000037a
ffffd244
fffffe96
00001206
ffffff6e
ffffd727
fffffbc6
ffffead8
00000c42
ffffed45
ffffebc8
00000c42
00000ab7
fffff63a
ffffe0c2
000007d9
ffffd550
0000109f
00000631
0000054d
000003bf
000006a8
fffffff5
000013a9
000009c3
0000151b
000001b3
ffffd4c5
fffffccd
0000121b
00000247
ffffd87f
fffffa25
ffffed61
00000d7c
ffffecb3
ffffe836
0000096c
00000ab3
fffff532
ffffdf67
000008af
ffffd722
00000b57
00000906
000003a3
0000039e
000006b6
fffffd6b
00001118
00000830
00001699
000001a6
ffffd0bd
ffffff35
0000109a
00000311
ffffd7a2
fffff97d
ffffe7e9
00000cdc
ffffe980
ffffebc0
00000a85
00000c4d
fffff537
ffffe0a9
00000aa1
ffffd841
0000102c
00000705
000002fe
00000529
00000af4
fffffe3b
0000102a
00000a36
0000165f
000000f9
ffffcdc1
0000002f
00001137
0000030c
ffffd692
fffffa15
ffffea75
0000100e
ffffeb37
ffffed94
00000772
00000c51
fffff3d7
ffffe1fe
00000a89
ffffd309
00000e81
0000072a
00000395
00000396
0000078f
ffffff89
00000f57
00000982
00001674
00000062
ffffce37
fffffd23
00001238
000003ae
ffffd62d
fffffbac
ffffee0b
000011a1
ffffeb0b
ffffed05
000008d9
00000be4
fffff3f2
ffffe1cf
00000b70
ffffcfb5
00000b5b
00000971
000002de
00000277
000009af
000002ae
00000f47
00000a19
00001a55
ffffff69
ffffcace
fffffbc0
000012e7
00000263
ffffd41e
fffffb1a
ffffee18
00001523
ffffe5f5
ffffef3d
0000065d
00000cd3
fffff290
ffffdefe
00000b6d
ffffc82e
00000e57
00000b39
00000488
0000030b
00000fab
00000497
0000115f
00000645
00001a50
fffffcfc
ffffc533
fffffa23
0000130f
0000018a
ffffd4dd
fffff861
ffffee3f
00001856
ffffddc8
ffffef6d
00000094
000011fd
fffff48c
ffffdb71
000008d2
ffffc612
000007b8
00000ef5
000009c2
00000933
00001999
00000743
00001031
000008a8
00001eda
000001c0
ffffbc84
fffffbed
00001382
fffffee5
ffffd0e7
fffff7fe
ffffe546
00001a00
ffffcdad
fffff5eb
fffff86f
00001ceb
ffffedac
ffffd4ac
0000049c
ffffce6c
00000936
00000985
00000ef9
00000f99
00001dc9
0000011e
00001165
0000083e
00001968
0000043d
ffffb1c9
00000296
00001434
fffffee6
ffffd400
fffff3a9
ffffd8f4
000012fd
ffffc4a3
fffff82d
fffff7e7
00002a8f
ffffe8f2
ffffcc9d
000008e0
ffffcf32
00000a80
00000a63
000013a4
00001390
00001b40
fffff72d
00001329
00000666
00001b71
00000244
ffffadee
00000fc6
0000132b
0000007a
ffffd1cd
ffffee46
ffffd1f8
0000102d
ffffc638
fffff5a2
fffff452
00002d4d
ffffea16
ffffceda
00000893
ffffcb17
00000846
00000d26
000014f2
00001693
0000201d
fffff6d5
000013b4
000009ee
000020a6
0000041c
ffffabdf
0000120b
000013c8
000001c3
ffffcb88
ffffec64
ffffd286
0000147f
ffffc227
fffff913
ffffeb90
00002f5c
ffffe76c
ffffd1f7
000004ef
ffffca6f
000009a3
00000b03
0000146b
00001696
00002448
fffff8ac
000012d6
0000095c
00001e3e
000004a1
ffffa7b6
00000e4e
000014f5
000002f4
ffffcc13
ffffec59
ffffd357
000016aa
ffffbba8
fffffc66
ffffe8c5
000033aa
ffffe526
ffffcfa9
00000639
ffffca5c
000009e4
00000d1b
00001443
000015c4
00002544
fffff85b
0000130e
0000075b
00001e00
0000038c
ffffa4a5
00000f1b
000014f2
000002e2
ffffcdac
ffffec90
ffffcfd3
0000170c
ffffb958
fffffd02
ffffe853
000035b8
ffffe4c7
ffffcc83
000006d4
ffffc991
000008e7
00000e25
0000156a
00001706
00002690
fffff54d
000012d9
00000637
00001e24
000001df
ffffa17e
000011de
0000137e
0000020f
ffffccc9
ffffeb4c
ffffcf17
000015a5
ffffb7fb
fffffddc
ffffe775
00003717
ffffe6f7
ffffcd8c
0000071a
ffffc718
00000824
00000eb0
0000186c
00001a66
00002bae
fffff5a9
00001365
000008a0
000020c3
0000042b
ffff9f99
00001365
0000139a
0000014f
ffffc86a
ffffeac7
ffffcfb8
000017ed
ffffb531
000000dc
ffffe1cd
00003951
ffffe5c1
ffffcec6
000003a0
ffffc597
000008ba
00000d9e
00001a26
00001c58
00002db1
fffff716
00001609
000008e5
00001eea
00000532
ffff9d6a
0000112f
000014e1
00000221
ffffc7e3
ffffe8a6
ffffcf2f
000019ed
ffffafcc
0000011a
ffffdec9
00003e46
ffffe434
ffffcc2a
000003c4
ffffc830
00000737
00000e44
00001944
00001dc1
00002ec0
fffff69f
00001556
00000772
0000205a
0000048d
ffff9a07
0000130a
0000160a
0000028e
ffffc8a7
ffffe6d1
ffffca6e
00001a01
ffffaa93
000001bb
ffffdd84
0000412e
ffffe319
ffffcaa8
0000048c
ffffca1b
000008e1
00000e35
00001925
00001e97
00003051
fffff767
0000153a
0000075a
0000213c
00000541
ffff986e
00001416
000016f6
00000294
ffffc992
ffffe67b
ffffc7ba
00001a28
ffffa8f8
000001d1
ffffdc82
000042fd
ffffe147
ffffc982
00000424
ffffcaf0
000008ab
00000da7
000019d0
00001e73
00002e72
fffff5fa
00001552
000006d4
0000203d
0000057f
ffff97fd
00001495
000016ef
00000301
ffffcad9
ffffe5aa
ffffc582
00001862
ffffa90b
000000bc
ffffdde9
0000446e
ffffdde7
ffffc57a
000007dd
ffffc729
00000843
00000eae
0000196d
00001c49
00002a61
ffffefa5
000018a4
00000336
00001fb1
00000473
ffff962b
00001a24
000014ad
000003fe
ffffcc0d
ffffe35b
ffffc145
000014c3
ffffaca4
fffffee6
ffffdfee
000043c9
ffffe0a2
ffffc779
00000cbb
ffffc013
000007a8
00001357
00001971
00001fb3
00002cd5
ffffe92a
00001ba7
00000539
00002323
000006fc
ffff9378
00001ec5
000012fe
00000294
ffffc66e
ffffe2cb
ffffbef0
000015b9
ffffaf86
000001d0
ffffd9ab
00004561
ffffe952
ffffc9c7
00000477
ffffc230
000005ec
00000e9d
000019af
000025ea
000037a6
ffffec9a
0000166d
00000757
0000220d
000003dd
ffff912d
00001f9f
00001432
ffffff0c
ffffc0b0
ffffe01e
ffffcb0d
00001a20
ffffa723
00000742
ffffd1a7
00004403
ffffeede
ffffcc78
000001c2
ffffd241
00000038
00000987
0000159d
00001fad
0000397a
fffff14a
0000149b
00000887
000021b3
00000c17
ffff950b
0000227e
000012f6
00000344
ffffc62e
ffffe4fb
ffffc5ea
0000136a
ffffa914
00000f68
ffffde9f
00003e70
ffffc631
ffffb537
0000167e
ffffe3f3
00001c03
ffffffa4
00001dcc
00001f06
fffff052
ffff9c63
00001277
ffffe297
ffffeb5b
000016b5
ffff9d8f
00004caa
ffffffe1
000012ff
ffffe07c
ffffedca
ffffb546
ffffc70f
000006e5
fffff90e
000031be
00003e5b
fffff417
00001dac
ffffd525
ffffa4ca
00001b6a
fffffd8f
fffffe0b
00000ec3
0000353d
000007cb
000008b9
ffffff39
ffffdec2
000006bf
ffffb68d
ffffaafb
00001177
00000e3e
ffffdc61
00000358
00001363
00002bef
ffffb6f2
00000d3a
ffffe629
00003e64
ffffefb1
ffffd2bf
fffffff0
ffffc836
000002f8
0000110d
00001bd7
00001270
00002bac
fffff5d3
000003ec
000009c6
0000159a
000005b9
ffffadbe
00001814
000011a7
000005a2
ffffc9b0
fffff9b4
ffffcdb4
000014f4
ffffbfcd
0000033d
ffffdb70
000029a0
ffffe5ae
ffffd96b
00000223
ffffcaa2
00000c46
00000c90
00001534
00000f91
00002b90
fffff784
0000113e
000009c9
000016e1
000008c1
ffffa438
00000c67
000014aa
00000543
ffffd042
fffff3ad
ffffcbb0
00001681
ffffbafa
00000500
ffffe2c5
0000375e
ffffe5f6
ffffd5fb
00000461
ffffc9ee
000009a2
00000baf
0000120b
000012f7
000027f0
fffff28b
00000f90
00000741
000017fa
000003f6
ffffa439
00000f68
0000162d
000001b8
ffffd187
ffffefa8
ffffc9a8
00001550
ffffba8d
0000010f
ffffe0fc
00003617
ffffe5db
ffffd20d
00000713
ffffcbb1
00000a4d
00000cf4
00001087
0000134d
000028de
fffff1cd
00000d77
000004fa
000018fd
00000262
ffffa1d9
0000138c
00001553
000001e3
ffffd209
fffff03c
ffffc87a
00001310
ffffbb12
000001d7
ffffe2b7
00003469
ffffe63c
ffffd0c4
00000901
ffffc79a
00000c0b
00000ced
0000129a
00001334
00002768
ffffeeae
00001078
000004ad
000019c9
00000403
ffffa2cb
00001717
0000132f
0000022c
ffffd073
ffffee99
ffffcb4e
0000113b
ffffc04a
000000e8
ffffe475
000033ae
ffffe9d4
ffffd1fe
000007db
ffffc259
00000755
00000d51
0000170e
000015e4
0000284d
ffffea47
0000105a
000006a5
000019bf
000006dc
ffffa264
00001a5d
000010bb
0000018d
ffffcaa4
ffffee3a
ffffcd12
000010ba
ffffc1ac
00000437
ffffe243
00003472
ffffeeeb
ffffd5e8
0000055e
ffffc3e6
0000048e
00000cdf
000018e9
000018a3
00002c48
ffffe932
000010e8
000009e8
0000193d
0000092a
ffffa0d3
00001b38
00000fe6
00000298
ffffc52d
ffffedb2
ffffcd8f
00001359
ffffc14e
00000930
ffffddde
000035a2
ffffef49
ffffd8ef
0000037d
ffffc173
000009c3
00000b02
0000190e
00001b82
00002c3f
ffffe5f8
0000124d
000009a2
00001428
0000096c
ffffa425
0000182a
00000e8c
000005cc
ffffc60a
ffffecac
ffffd0e7
0000153a
ffffc50c
000005ef
ffffda6c
0000369f
ffffef37
ffffd834
000001b3
ffffbdb9
000005f6
00000cb5
00001bdf
00001c39
000028a8
ffffe0f6
000011ca
000008a7
00001264
00000b03
ffffa645
00001b92
00000cb2
00000874
ffffc399
ffffebea
ffffcf43
00001328
ffffc6b2
00000506
ffffda2d
00003648
fffff09d
ffffd8ea
0000025f
ffffbc9a
000006fc
00000f35
00001e0e
00001e68
00002ce5
ffffe02b
0000101e
000008e5
00001319
00000c5a
ffffa384
00001df8
00000cd1
00000823
ffffbe42
ffffeda9
ffffd103
0000155e
ffffc6a2
000008d8
ffffd5b4
000036d6
fffff177
ffffd9f9
0000015f
ffffbb4f
000007ab
00000f2e
00001e54
00001c4f
000030b8
ffffe3ad
00000ed9
00000843
000012d0
00000b8c
ffffa12b
00001b92
00000cfa
00000669
ffffbd22
fffff011
ffffd5db
000015e1
ffffc514
00000c70
ffffd5aa
00003635
fffff31d
ffffd8d4
00000368
ffffbb89
00000639
00000f86
00001e5e
00001b39
000031c8
ffffe3a3
00000f45
000006ad
00001339
00000ac9
ffff9f5e
00001b31
00000b89
000003cc
ffffbcdf
fffff01c
ffffd7d2
00001469
ffffc646
00000ecc
ffffd9ae
00003562
fffff644
ffffdaf4
000004f5
ffffb867
00000897
00000fc3
000020d6
00001e19
000032e8
ffffe360
000011d1
0000086a
00001436
00000cfe
ffffa049
00001b8d
00000bde
000002fe
ffffb96e
ffffefe0
ffffdb00
0000155f
ffffc962
00000f02
ffffd787
000035e6
fffff7d1
ffffdc1c
000002b2
ffffb7a2
0000059b
00000e58
000020f3
00001fae
000030e4
ffffe324
000012c3
000007b3
000013a4
00000e7a
ffffa0c0
00001a6c
00000ce0
000002b4
ffffb72a
ffffedc9
ffffdcc5
000014f8
ffffc8de
00000f0a
ffffd890
00003681
fffff8d4
ffffdbbc
0000040d
ffffb576
00000901
00000e81
00002080
000020f8
0000339d
ffffe4b7
00001483
00000860
00001545
00000d31
ffffa123
00001abe
00000d4b
0000026d
ffffb702
ffffec02
ffffded6
000017c7
ffffc87d
00000d59
ffffd47b
0000360d
fffff89c
ffffdadb
0000016e
ffffb712
000004f3
00000e6b
00001f6f
000020e4
00003133
ffffe22c
0000155c
00000771
000013cb
00000efb
ffffa0b0
00001b5b
00000add
000003c3
ffffb849
ffffea9e
ffffda8b
000013ec
ffffc6ab
00000de9
ffffd937
000037de
fffff952
ffffd7ff
0000048c
ffffba80
00000762
00000eb4
0000211c
00002399
00002fef
ffffda2b
00001639
00000660
000010ee
00001040
ffffa0da
000021a9
0000076d
00000506
ffffb69b
ffffea76
ffffd84c
000010ea
ffffcf29
00000d2c
ffffdb20
000036e8
fffffd9d
ffffda53
000004c1
ffffb245
0000083d
00000f6e
000025d1
000025de
0000301c
ffffd858
00001645
00000939
000010f2
000010c2
ffffa4f9
0000237b
000005c0
0000051c
ffffb02f
ffffebed
ffffe050
000013bd
ffffd536
00000c50
ffffd55b
00003351
fffffeb2
ffffdda8
00000166
ffffac96
00000449
00001044
00002818
00002591
000032d3
ffffd9ba
00001520
00000a0d
000010fe
00001226
ffffa363
000020cb
00000611
00000532
ffffac75
ffffed05
ffffe363
00001528
ffffd0c9
000010bc
ffffd304
0000354a
fffffeab
ffffddec
00000141
ffffae85
0000042d
0000100e
000027d8
00002621
000036c6
ffffd9b5
00001431
0000096e
0000108a
000012ff
ffff9e5f
00002151
000005fb
000004c3
ffffab47
ffffecc3
ffffe2b4
000015e1
ffffcdfc
000014f6
ffffd218
000037a6
00000073
ffffde9d
000002a5
ffffb123
00000521
00000f40
000026ac
0000276c
000036af
ffffd907
000013c7
000008fa
00000fb9
0000130d
ffff9d1d
00002213
000005c5
0000039d
ffffaacc
ffffed19
ffffe3af
00001561
ffffd0c6
00001685
ffffd47a
00003721
00000347
ffffe06b
000003d1
ffffaebd
000006c0
00000f1b
000025e0
000025d7
00003662
ffffdae3
000014d8
000009ec
000010c7
00001253
ffff9fe9
00002077
00000522
0000043d
ffffa93c
ffffed58
ffffe857
000017cc
ffffd4ec
00001567
ffffd449
00003353
0000045c
ffffe194
000002b2
ffffab72
000005f7
00000f7c
00002604
000025d8
0000353b
ffffdb36
000013f6
00000a0a
00000f6f
000013d0
ffffa1dc
00001d80
000003a2
0000047b
ffffa9ad
ffffeed5
ffffe9db
000017ad
ffffd57a
000014bc
ffffd609
0000337b
00000556
ffffe0fa
000000bd
ffffaadf
0000045b
00000ee1
0000298d
000027a5
000036f0
ffffdb22
00001211
00000c18
00000eeb
000014d5
ffffa0c1
00001ee3
0000039d
000003ad
ffffa7b3
ffffefad
ffffe933
000017b9
ffffd3ae
0000162a
ffffd3bc
0000354e
000003a1
ffffe047
ffffff54
ffffab9b
000003f1
00000e9b
00002aa1
00002700
00003913
ffffdbee
000011b2
00000cff
00000ed7
00001494
ffff9e59
00001f10
0000034b
00000475
ffffa7b4
ffffefe4
ffffe761
0000181f
ffffcfdd
00001785
ffffd275
00003723
00000211
ffffde52
ffffffde
ffffad04
000003c6
00000f7a
00002a4d
0000271f
000038f1
ffffda5f
00001247
00000b43
00000e49
00001437
ffff9c72
00002032
00000287
000004bf
ffffa8e4
ffffef2b
ffffe480
00001767
ffffce7c
00001799
ffffd37a
000038c4
0000002d
ffffdeb4
000002af
ffffb02a
000003a7
00000e2b
00002915
0000265b
00003696
ffffd648
00001296
00000b9c
00000eb9
00001784
ffff9b9a
00002587
000003ce
000005d7
ffffaa1a
ffffefff
ffffdfc2
00001291
ffffd286
00001931
ffffd687
000038a2
0000058d
ffffe083
000004c3
ffffb1c8
000001b1
00000ac4
000025c3
00002469
00003351
ffffd6ed
0000114d
0000079a
00000fd9
00001638
ffff9e0d
00002a22
000007c1
00000423
ffffa761
ffffec81
ffffe844
0000153c
ffffd82c
000019d3
ffffd881
00002f9d
00001eae
ffffe3d4
000002a0
ffffc2e5
fffff7c7
00000c5c
00001de3
0000269d
000036f1
ffffe7fd
00000639
00000389
0000134a
00001206
ffffa3ef
00002250
00000956
fffffdb2
ffffa01e
ffffeef1
fffffc53
00001f88
ffffda4a
00002199
ffffe367
00001f2b
00002618
fffff25b
fffffd8b
ffffd0c2
00000cc7
00000373
00001da9
00002151
00003338
fffff9d5
000008d5
00000ead
00000d15
00002018
ffffbe30
00000f8b
00000aad
00000775
ffffaba1
fffffc7c
000007ef
00001ae0
fffff169
000018db
fffff392
000017af
ffffe9b0
ffffd779
00000350
ffffc563
00002230
fffff5cd
00003258
00001783
ffffde8c
ffffad93
00000de1
ffffed3e
ffffd636
000029c2
ffffd404
00002c18
fffff9d3
00001a1f
ffffca7e
ffffff95
fffff868
ffffcffd
00003e4b
ffffed91
00003e63
00001bf1
000004e5
0000147a
ffffe6bd
ffff9a42
0000144c
000008e0
000002d8
00001381
000030ac
ffffeb39
00000b56
fffff71e
ffffdfed
00000a3a
ffffb3f4
ffffc3ae
ffffff04
00000ccd
ffffcbc6
0000017b
000014fa
000021df
ffffd69f
000014ba
ffffef37
000033c7
00001175
ffffdbd3
000006a8
ffffae25
ffffff32
0000157a
00002baa
000020ae
000030f3
ffffdc4f
000006f3
00000cf6
00001019
00001188
ffffafdd
00002739
fffffe9a
00000347
ffffa589
fffffb41
ffffe9b0
00001480
ffffe636
000011e2
ffffd5ac
00001ee5
00000990
ffffe850
000000d5
ffffaa7c
0000062e
00000e10
00002613
00001f16
000032d5
ffffe02b
00001319
00000ccc
00000c06
000017c7
ffffa7c3
00001541
000001f0
0000037c
ffffaade
fffff5f5
ffffeddf
000015f7
ffffdd00
00001665
ffffdd08
00002f1a
00000aca
ffffe48c
000002db
ffffac6d
0000030d
00000ded
00002544
0000237f
00003268
ffffda47
00001000
00000b70
00000ca0
0000159e
ffffa515
00001b40
000002c9
0000006d
ffffaa19
fffff33a
ffffe8a6
00001503
ffffdc2f
000015f0
ffffd974
00002f9a
00000afd
ffffe341
00000350
ffffb00d
00000446
00000da6
000025cc
00002534
000034a1
ffffdaed
00000e69
00000bdb
00000c3a
00001589
ffffa3cf
00001d88
00000411
000000e9
ffffa9e7
fffff502
ffffe81f
00001428
ffffdc61
00001717
ffffd869
00002f48
00000738
ffffe353
00000414
ffffb14c
00000690
00000c06
0000251d
000023a6
00002e5f
ffffd869
00001128
00000bad
00000c0c
000015a2
ffffa6e5
00001e6f
00000455
00000222
ffffabd4
fffff411
ffffe9ab
00001053
ffffe1b1
000013ca
ffffddd1
00002e0b
00000849
ffffe553
000005b7
ffffb0e9
00000559
00000c2f
000022bd
00002076
00002b15
ffffd70a
000011d9
00000bde
00000ef4
0000141e
ffffab18
0000202f
00000449
00000284
ffffaab7
fffff24e
ffffecee
00001017
ffffe707
000012e5
ffffdefa
00002811
00000c14
ffffec22
0000044c
ffffb14b
00000718
00000bdd
00001f12
00001ee5
00002d20
ffffdb79
000010cd
00000e91
00000eda
000014c9
ffffb004
00001a37
00000452
00000327
ffffab65
fffff50b
fffff1e5
000013e2
ffffe93f
000013b3
ffffdd6b
00002421
00000911
ffffee01
0000004e
ffffb19b
00000a8b
0000092b
00001deb
00001bda
000028a4
ffffd9ea
0000106e
00000d68
0000072c
00001426
ffffb581
000015c9
00000251
00000609
ffffb1c7
fffff735
fffff327
0000107f
ffffed7e
00000f44
ffffe268
000022cb
00000992
ffffeb97
000001bb
ffffb1f3
000005ee
00000b58
00002023
000019b5
000024dc
ffffd5fb
00000d9a
00000cd8
00000768
00001377
ffffb844
00001ac0
0000002d
000006f2
ffffb06c
fffff90a
fffff0de
00000ebc
fffff1d0
00000ef0
ffffe3b3
00001e68
00000c1e
ffffec7a
000003e6
ffffaf10
000006dc
00000d32
00002146
00001996
000026e1
ffffd6fa
000009e8
00000a3c
00000613
000011c3
ffffb644
0000198b
ffffff6a
0000061e
ffffac9f
fffffb7d
fffff6ef
000012b6
fffff41f
000011b4
ffffe2a8
00001bf7
00000ebf
ffffee60
00000467
ffffacbb
00000577
00000d77
000020da
000019e0
000028b1
ffffdadd
00000a1f
00000bd0
000007d8
00001325
ffffb46c
000017d3
0000009c
0000045c
ffffaa4c
fffffc97
fffffb69
000013b0
fffff43b
000014e0
ffffe403
00001ba7
00000dfb
fffff1f9
00000447
ffffad73
00000642
000009e6
00001fc5
00001a7d
00002706
ffffdbb2
00000bfa
00000f21
00000995
00001481
ffffb4a7
00001613
000002a8
000003ef
ffffaa13
fffffbdb
fffffdde
00001355
fffff523
0000152f
ffffe5ab
00001c8f
00000c65
fffff2d1
0000041e
ffffac53
0000065b
000008bb
00001d55
00001817
000022cb
ffffdc00
00000e73
00000dc0
00000997
0000127a
ffffb7dd
00001453
0000039e
00000575
ffffac08
fffff906
ffffff3b
000014c6
fffff695
00001151
ffffe697
00001a2b
00000c40
fffff315
00000529
ffffac1b
00000568
00000ae5
00001b1f
000018d1
0000213d
ffffdb36
00000e4b
00000d5e
00000a13
00001230
ffffb968
0000130c
00000374
00000683
ffffad7f
fffff900
fffffd45
000015a4
fffff6bc
00000fa2
ffffe638
000019f3
00000cdc
fffff362
00000358
ffffad6b
000004c0
00000a10
00001a95
000018d9
000020a2
ffffdbce
00000f32
00000de1
00000a34
0000114a
ffffba8d
000012db
000003f3
0000076a
ffffad55
fffff762
fffffd43
0000165a
fffff5c0
00000e84
ffffe4f6
0000194a
00000c1c
fffff469
00000345
ffffb24c
0000069b
000009ea
000017ef
0000188c
00002047
ffffdc5d
00000e9d
00000dfe
00000a47
00001272
ffffbcf4
0000120d
000004b8
00000900
ffffaff4
fffff841
fffffbd8
00001520
fffff638
00000da8
ffffe742
00001888
0000098c
fffff40a
000002b7
ffffb4f3
000008bb
000006b7
0000181e
0000169c
00001a9a
ffffdb07
00000ced
00000bec
00000670
000013c7
ffffc139
0000138d
000005cf
000009c9
ffffb366
fffff9f1
fffffcd9
00001116
fffffc77
00000aa2
ffffec7d
0000158a
0000093d
fffff293
0000056c
ffffb2c0
00000788
0000084b
00001838
00001203
0000159c
ffffd955
00000d2f
00000a58
000006cd
000010ac
ffffc42e
000016c2
000004ca
00000995
ffffb372
fffffa09
ffffff81
00000fdc
0000033f
000008bf
ffffefe1
00000f55
00000baa
fffff549
0000070c
ffffae27
00000687
00000a45
00001815
000011ed
00001686
ffffd8b4
00000cac
00000a79
0000081b
0000107c
ffffc4d3
0000159d
000003bf
0000097c
ffffb0ad
fffffb0c
000003f3
000011c9
000005ca
00000aa0
ffffee1d
00000d43
00000d79
fffff90a
0000055c
ffffac6c
0000063a
000009a5
000018f5
00001277
00001811
ffffdaf0
00000ca4
00000c00
00000833
00001192
ffffc4ba
00001308
000004fe
00000963
ffffae20
fffffbd9
000007b8
000013ae
000004ef
00000d10
ffffecbd
00000df0
00000d32
fffffae3
00000496
ffffadb3
00000723
000008fb
0000170e
000011cf
000018b7
ffffdd08
00000c86
00000c46
00000826
000011ab
ffffc4cf
00000fdc
00000600
00000933
ffffae5b
fffffc2c
000009bf
0000148c
00000468
00000d9a
ffffedd0
00000da1
00000c18
fffffbb2
000004e4
ffffae9e
000009a1
000008fb
000015f1
00001041
00001784
ffffdee4
00000cb2
00000c46
000007f0
0000113f
ffffc6aa
00000da3
0000068b
00000916
ffffb094
fffffdc4
00000a85
000013f0
000005ca
00000bff
ffffef49
00000c96
00000981
fffffa4b
00000518
ffffae57
00000a02
000008ef
00001526
00000d9f
0000152c
ffffded7
00000d94
00000b75
000007ca
00000f8c
ffffc842
00000d04
00000673
0000087d
ffffb341
fffffe01
00000a28
0000118f
00000699
000009c6
fffff1fa
00000b60
000009d6
fffff890
000006b8
ffffade2
000008fd
00000ab7
000014a2
00000cb2
000015c1
ffffddfa
00000d66
00000ae9
0000093c
00000d51
ffffc7a0
00000db6
00000494
00000713
ffffb301
fffffdde
00000a06
0000115b
00000688
000009f2
fffff204
000009eb
00000b61
fffff91c
0000070f
ffffaddf
00000a00
00000ad5
000014e7
00000d84
00001862
ffffde86
00000d36
00000aef
0000098d
00000d9f
ffffc6dd
00000dd5
0000045f
000006aa
ffffb282
fffffe48
00000b07
00001167
000005d7
00000b71
fffff142
00000a53
00000c93
fffff941
000005a3
ffffafdd
0000098d
00000848
00001571
00000ed5
000018db
ffffdf93
00000b86
00000af3
000008de
00000f8e
ffffc712
00000f26
00000596
000005fe
ffffb1f2
fffffe59
00000d6e
00001097
00000579
00000c9f
fffff343
000009f0
000014ad
fffff88c
00000594
ffffb8c0
000002b3
000006ca
00001332
00000b47
000016b6
ffffe42d
000009cc
000007d7
00000b30
00000f4e
ffffc8bd
0000121c
00000728
00000585
ffffb003
fffffc8c
000010e1
0000117b
00000787
00001003
fffffab0
00000210
00002b73
fffffc62
0000066a
ffffcd52
fffffdda
00000636
00000d21
00000d26
0000148b
fffff028
000003a4
000003b3
00000ccb
00001044
ffffd345
00000ab8
000008c8
000003a7
ffffabb7
fffffd87
00001f13
0000184f
00001254
00001294
000008b9
fffff399
00003a56
00000a9c
fffffbd1
ffffd620
000012c0
fffffe90
000012ad
0000172f
000013c6
0000083a
fffffdac
00000ff2
0000044f
00001918
fffff0ef
ffffefdf
00000c41
000005b8
ffffabc2
000008f1
00003c24
000021a1
000023e5
0000041d
00000e3e
ffffeb9e
00001aef
0000070d
ffffe32d
ffffc701
00001e54
fffff42e
00002123
000003ec
fffff9c8
000010c7
00000d48
00001a20
fffff7bc
00001af1
00000e64
ffffe2cc
00000a2e
000017bc
ffffc3f3
000007d7
0000365d
000011e3
0000229f
ffffe149
000017f6
fffff013
ffffd3cf
ffffccc4
fffffca3
ffffc3f3
00000e62
00000000
000028db
fffff299
ffffb9ad
ffffb5f7
00000e94
ffffe6a6
ffffdda4
0000109d
fffff454
00002021
fffff166
000026f9
ffffe0b2
fffffc0a
fffff5de
ffffcbd8
00003c5b
ffffcfae
00005457
ffffff0d
fffffe12
00001f13
ffffecb5
ffffaa9b
00001d4f
fffffe58
fffff786
000009e8
00001f19
ffffe7e9
00000bba
fffffcfe
ffffdffb
00000a67
ffffc25e
ffffc590
000005c3
00000d4f
ffffd177
0000069d
00001d6c
000018d0
fffff343
00000ed9
fffffe24
000021ed
00000bb0
ffffedd4
00000e53
ffffb5ea
000007bf
00000e00
000014ac
00000bb7
00001504
ffffdf31
000007ca
00000e08
00000f45
000006ef
ffffcc69
00001ba4
00000564
0000041a
ffffb4de
0000022f
ffffffc0
00000f80
00000a66
000003b1
ffffebf1
fffffe42
000003c8
fffffc78
00000830
ffffaf0f
00000e3f
00000820
00000cab
00000825
000014a4
ffffe44e
00000f3c
00000c15
00000a32
00000cbf
ffffc8f7
00000578
0000080c
00000617
ffffbcfa
00000135
0000084d
0000103b
0000032f
00000766
fffff697
00000ade
000005c1
fffff98a
00000886
ffffafde
0000093f
0000088e
00000f91
00000880
00001407
ffffe1f1
00000b0c
00000b91
00000b28
00000c1c
ffffc71a
00000b38
000008ac
00000378
ffffb990
00000078
000004ef
00001046
00000320
0000092f
fffff441
000009b4
000006bf
fffff893
000008a8
ffffb21b
000009ec
000008cf
00000ef6
0000082c
00001839
ffffe3c6
00000952
00000bca
000009fe
00000a4c
ffffc42c
00000a8c
000007cf
000003dd
ffffbb25
000001bb
00000430
0000117a
00000195
00000b1f
fffff268
000009fd
000004df
fffff7c7
000008e9
ffffb27a
00000a3c
00000746
00000f44
000009dc
00001437
ffffdf4c
00000bd3
00000b9b
000008bc
00000b11
ffffc534
00000c8e
000006ab
00000534
ffffbc1e
ffffff97
00000371
00000e67
000003eb
000008e6
fffff64a
00000b18
00000870
fffff98e
00000920
ffffb2b8
000007f9
0000085f
00001025
00000bd3
00001302
ffffde54
00000c45
00000d1f
00000b4f
00000cb5
ffffc7ce
00000ef2
00000734
0000062f
ffffb6f8
fffffe85
000004f9
000010e0
000006ab
00000931
fffff383
000008b4
000008e6
fffffdb6
000006c0
ffffb0e0
00000c10
0000082e
00000ed7
00000a6d
00001591
ffffe2e7
00000ce2
00000e86
000009f1
00000cb4
ffffcae9
00000894
000007ea
000007ab
ffffb80c
00000064
000008f4
00001449
00000634
0000081d
fffff098
0000080a
0000052f
fffffb7a
0000043b
ffffb2d5
00000a9d
000007b3
00000e82
000007f4
0000116e
ffffe004
00000cbd
00000c1d
00000664
00000c7d
ffffcc8e
0000084f
0000069a
000008e2
ffffbd12
0000005b
0000053b
00000e90
00000613
000005cd
fffff60a
000008db
0000056d
fffff95d
00000751
ffffb440
00000ace
0000089b
0000108e
000008e5
00001146
ffffdc27
00000ac5
00000c0a
00000788
00000c42
ffffcc84
00000e4c
000005c1
000007f3
ffffbb4b
00000135
000003a0
00000d1c
000009b4
0000067a
fffff49d
000006f7
00000733
fffffaba
000007a3
ffffb252
00000b27
000009b4
000011cc
00000887
0000123d
ffffddaf
0000096e
00000a2c
00000662
00000b25
ffffcbe7
00000c5d
00000642
000006fd
ffffb7f7
0000026c
00000966
00000f33
00000ba3
00000859
fffff4cf
00000525
00000a5b
fffffbfd
000008e5
ffffb22d
00000a02
00000a6e
00000f39
0000071f
000013dd
ffffe290
00000a10
00000b32
000009cc
00000a0a
ffffcb30
000009aa
0000064e
0000054a
ffffb65e
000002d2
00000e3f
00001146
00000b60
00000a56
fffff63b
0000025c
00000a9f
fffffdb2
00000965
ffffb043
00000dc7
000008a0
00000ddc
0000074e
000012d1
ffffe2fc
00000d2a
00000aec
00000982
00000a44
ffffcd91
000006a3
00000646
00000528
ffffb88b
00000162
000011bd
00001083
00000d93
000007f8
fffff8e9
0000029e
00000b11
fffffe16
00000748
ffffaef9
00000b80
0000080a
0000106c
000008be
000010a1
ffffe164
00000d1f
00000cd5
0000096b
00000dd7
ffffd091
00000833
00000634
00000606
ffffb789
0000016c
00000ffa
00000e8f
00000e3c
000006dc
fffff8a3
0000037f
00000ada
fffffd8e
00000540
ffffafce
00000a27
0000074c
000011d6
00000838
00001136
ffffe0cf
00000d27
00000d04
0000083d
00000d3e
ffffd021
0000098e
0000061c
000006bc
ffffb706
00000027
00000e50
00000f68
00000c91
00000702
fffff643
000003c8
00000c4b
fffffe82
00000509
ffffb2e9
0000099a
000008dc
00000fca
000008ef
00001390
ffffe1c4
00000c78
00000da9
00000874
00000d12
ffffcfbd
0000080f
00000572
0000077a
ffffb7b8
000000b2
00000ba1
00001161
00000a4a
00000810
fffff4a8
0000043c
00000b49
fffffe0d
00000300
ffffb30a
00000db2
0000074e
0000114d
00000a5a
00001370
ffffe244
00000ad5
00000c77
000004ea
00000c27
ffffd18c
000005ee
000005d0
000008cc
ffffba1a
0000015b
00000cbc
000011f3
00000a44
00000513
fffff338
000005b1
00000873
fffff962
00000258
ffffb3a0
000009e6
0000083d
00001360
00000850
000010b8
ffffe09b
000008bf
00000b57
00000522
00000bf9
ffffd0e7
0000097e
00000482
000009c7
ffffbaed
00000164
0000090c
00000e17
00000906
000004d0
fffff715
000005bc
0000083d
fffff86a
000004e1
ffffb5f7
000009a2
000008c9
000014f0
00000911
00001082
ffffdd7e
000007d1
00000bba
000006c3
00000d32
ffffce69
00000e0e
00000409
0000099b
ffffb8df
0000015a
0000075d
00000cbd
00000ba1
0000074c
fffff79f
0000063b
00000b1c
fffffb0c
00000543
ffffb569
00000947
0000081b
000013ac
00000840
00001055
ffffde71
000008a2
00000bf9
00000761
00000c4a
ffffcf54
00000ceb
0000042d
0000091e
ffffb613
000000ab
00000ca2
00000eed
00000ea3
0000086b
fffff7d5
000002d8
00000d52
fffffdd5
000005f6
ffffb27e
00000bc9
000008f5
000011f8
000008d1
0000104e
ffffdf64
0000099b
00000bba
00000668
00000c24
ffffd240
00000888
00000329
0000096e
ffffb612
00000191
000011c9
000010d7
00001203
000006f9
fffff81d
0000010a
00000f20
ffffff4f
000003dc
ffffafa9
0000095e
0000082e
00001401
000009ac
00000fa1
ffffe0a7
00000a9b
00000d10
00000692
00000dac
ffffd492
0000072f
000003d7
000009b1
ffffb429
000000eb
000013dd
000011ad
00001166
00000645
fffff6cf
000000f5
00000cb3
fffffe0d
000003b5
ffffadf0
000009e1
0000086a
000014ca
00000ae3
00000eba
ffffdf76
00000c91
00000bba
0000059f
00000dc8
ffffd35a
00000765
0000046c
00000a50
ffffb4b8
ffffff5b
00001210
000011ab
00000f5d
000004d0
fffff618
000003aa
00000c95
fffffc96
000005a2
ffffae32
000006b7
00000ad7
0000137a
00000b89
00000e12
ffffdcc6
00000ee8
00000ae5
000007c1
00000e1e
ffffd047
000009be
000003c8
00000a38
ffffb2fe
fffffcfe
00000ce9
0000113a
00000e4e
000005d4
fffff568
00000526
00000cbb
fffffdbe
0000084d
ffffaedd
00000b5d
00000a81
000010f2
00000e50
00001070
ffffdb4e
0000101f
00000b46
00000826
00000dac
ffffce7f
00000a1a
00000468
0000099e
ffffb2b6
fffffc30
00000d25
00001222
00000fa1
000005a8
fffff2ef
00000628
00000fbd
fffffd8e
00000633
ffffb0ff
00000995
00000716
00000eed
00000eee
00001129
ffffdf71
00000ce3
00000af9
00000985
00000c25
ffffcfd2
00000aed
000006e2
000007d1
ffffb244
fffffb15
000013be
00001338
00000d56
000005f9
fffff441
0000021e
00001c9f
fffffb8e
000004d9
ffffc0e0
000000f2
00000553
00000a54
00000bd8
000012aa
ffffeb6b
00000632
0000065a
00000d21
00000a43
ffffd1bc
00000ad0
00000845
000005a4
ffffb007
fffffac7
00001dae
000016e5
00000b77
00000bed
0000014b
fffff66f
00002fbf
000002fd
0000039d
ffffd5c9
000005b8
00000295
0000083e
00000ccb
0000110a
fffffe37
00000216
00000863
00000bb8
0000131e
ffffe1d6
fffffe45
000009b0
000006a7
ffffafdc
0000031f
00002bdb
00001c08
00001a44
00000bac
000012ff
ffffeaeb
00002e13
00000f79
fffff277
ffffd631
00001954
fffff73a
000014b3
00000f2f
00000436
00000f16
000003f3
00001987
fffffedf
00001c39
000003f5
ffffe4f7
00000d15
00000e0f
ffffb8d5
00000be0
00003b7d
00001dd3
00002a68
fffff2fe
000016d7
ffffea95
00000abc
fffffdeb
ffffdb35
ffffc1bb
000018ed
fffff621
00002552
000000cd
fffff3ee
000011b1
00000976
00001a8c
fffff60f
00000bb3
000011b2
ffffdd7b
000007e0
00001b33
ffffc9d0
00000324
00003334
00001a40
00001191
ffffd34a
00001084
fffff1c7
ffffe87e
ffffd7b0
ffffe274
ffffc7bc
fffffcee
00000f3a
0000223c
fffff325
fffff523
fffff91e
000012d5
00000c3e
00000454
0000015d
fffff0de
fffffdbb
fffff69c
000024dc
ffffd88f
fffff745
fffff1bb
0000083e
ffffe603
ffffd9c7
00001284
00000692
ffffca05
ffffb8a3
00000e80
ffffdbfc
0000096b
000014de
0000270c
0000076b
ffffe374
ffffa273
00000c11
ffffe631
ffffef35
00000be4
ffffc1b9
00003e0e
ffffeae8
000024f1
ffffd9c2
fffff8b0
ffffc352
ffffd4db
00001151
ffffed28
00003280
00001fe9
000001c1
00001d4f
fffff0fb
ffffa63c
000019cd
000000ac
fffff8c2
00000c02
00001d64
ffffe4c6
00000e3a
fffff965
ffffe1eb
00000c46
ffffc000
ffffca6e
0000060f
00000d8c
ffffcdfc
00000391
00001bf2
00001977
fffff50a
0000103a
fffffde6
00002254
00001294
ffffeed5
00001008
ffffb1b9
00000510
00000e3c
00001634
00001284
00001426
ffffda82
000009ed
00000bf7
00001031
00000b59
ffffca7b
00001f9d
000006ed
000003a6
ffffae0d
fffffcfe
0000017c
000010db
00000dc7
00000579
ffffe8e1
00000097
00000ba5
fffffb8a
00000858
ffffac19
00000b8b
00000756
00000ffa
00000e7d
0000135d
ffffdf81
00000fdc
00000884
0000090d
00000efb
ffffc889
000009d6
00000851
000005ce
ffffb580
fffffc32
00000d70
00001009
0000088b
0000088b
fffff592
00000a70
00000ef7
fffff8f7
00000af4
ffffabb5
000007c3
00000b4d
00001451
00000e6c
0000129c
ffffddba
00000df0
00000883
00000bfb
00001021
ffffc8e6
00000ea7
000006ce
00000474
ffffaf76
fffffc8f
00000c2a
000010f3
00000bdc
000009c9
fffff489
000007ce
00000fe3
fffffb0a
000008be
ffffacfa
00000ac7
000009e3
00001374
00000e74
000016e3
ffffe195
00000dc1
00000b1a
00000ab4
00001062
ffffc79d
00000c5f
000006d5
000003c4
ffffb095
fffffea8
00000df7
000010e3
00000a20
00000baf
fffff371
000008c2
00000dda
fffffad3
00000867
ffffafb2
00000a7b
000006fe
0000124f
00000c9a
00001442
ffffdfea
00000d13
00000b56
00000a19
00000fb7
ffffc8dc
00000c6b
00000665
000003b9
ffffb3d4
fffffed4
00000cc8
00000d9d
00000b6d
00000b03
fffff7f8
00000843
00000f9b
fffffb6e
000008d1
ffffaf87
00000a7a
000007f7
00001376
00000c19
00001451
ffffe0ab
00000b15
00000cd2
00000a47
00000f1b
ffffcb97
00000bc7
00000564
0000040c
ffffb29d
0000006f
00000e8a
0000105e
00000dc6
00000a3c
fffff642
0000057d
00000ea8
fffffca6
000005f6
ffffaca5
00000a2f
0000080d
00001447
00000af4
00001429
ffffe1f5
00000be4
00000d15
00000807
00000f28
ffffccf1
0000089d
00000502
000005b1
ffffb41a
000000f8
00000ed3
00001109
00000bce
000008f6
fffff4f5
0000065d
00000c81
fffffa8d
00000577
ffffaf8f
0000079e
00000809
000013ea
00000c2b
0000123a
ffffde09
00000bf9
00000c35
0000077a
00000f27
ffffcb6e
00000bbd
00000476
0000068f
ffffb58e
ffffff2b
000009a4
00000e64
000009cb
000008c6
fffff628
000008a1
00000dd1
fffff9a9
000007f2
ffffb163
0000081d
000008a0
0000133f
00000cca
000012cb
ffffdc31
00000bf5
00000ac5
00000828
00000e57
ffffca8f
00000f05
0000044f
000006c5
ffffb347
fffffe33
0000098c
00000f9b
00000c72
000009ad
fffff557
00000671
00001705
fffffb39
00000a78
ffffb40a
00000303
00000caa
00000fc3
00000c7d
0000126c
ffffdf2f
00000ce2
00000844
00000941
00000d96
ffffcb61
0000099b
000001d5
00000571
ffffadd6
fffffe50
00000e5a
000014a0
000010e2
00000bdd
fffff939
000000ba
00001bde
00000015
00000d75
ffffb30d
00000d4c
00000bcb
00000cd9
000010df
000011dc
ffffe1ff
0000116a
00000b3b
000007e8
00000f6b
ffffd1bf
00000273
0000019b
00000504
ffffaea2
0000007e
000015f2
0000157b
00001a3d
00000687
fffffb29
ffffff08
00001ac7
000000ea
00000896
ffffaee1
00000b76
00000654
00000dc4
00001105
00000922
ffffe187
0000144e
00000ddd
000007b1
00001125
ffffdae8
0000017d
0000031a
00000512
ffffaf97
fffffd46
00001a06
000010db
00001d64
fffffec2
fffffedc
fffffc99
00001768
fffffd3e
00000968
ffffaea0
000009b8
00000745
00000e55
00000edd
000006b6
ffffdf2a
00001365
00000d0c
000008f8
00000f0c
ffffdbde
00000551
00000224
000005eb
ffffb1e1
fffffcb8
0000166c
00000f25
00001c82
fffffcb5
ffffff0c
fffffb5b
00001814
fffffe17
000008ed
ffffb024
00000728
0000091b
00000ea4
00000e75
000008c4
ffffdecc
00001289
00000df8
00000a0f
00000fdc
ffffda96
0000061c
000001a8
000006bd
ffffb107
fffffd0f
0000130b
00001040
00001a25
ffffff75
fffffcac
fffffc63
00001abe
000000b9
000006da
ffffb35b
000007c2
000008b8
00000d20
00000e98
00000c37
ffffe1ee
0000128f
00000eac
00000928
00000f74
ffffdae3
00000260
0000023e
00000711
ffffb0d5
fffffd2a
0000137e
000013ec
000017b6
000000a2
fffff9d6
fffffc3a
0000189f
fffffded
000005d8
ffffb470
00000ccd
00000920
00000c47
00000fd4
00000a7d
ffffdfbc
0000123b
00000ac3
000002dd
00000de7
ffffdcf4
ffffffcb
ffffff4f
00000845
ffffb54e
fffffe0a
0000142a
0000114e
000019ff
fffffbdb
fffffde8
fffffca3
00001a73
fffffa46
000006d5
ffffb566
00000838
00000a9a
0000102e
00001011
00000941
ffffdded
00001252
00000c89
000005c7
00000f9e
ffffde19
000006b0
fffffd8d
000007cf
ffffb193
fffffe88
00001208
00000dfa
00001c62
fffffc9e
ffffff65
fffffa3e
00001a43
fffffb6d
000007b3
ffffb506
00000af7
0000097e
0000114e
000010d2
000009d8
ffffdd13
000013bc
00000d69
0000053b
00000fae
ffffddec
000006a0
fffffd15
00000791
ffffaff4
fffffec3
00001590
00000ea9
00001eec
fffffd0b
ffffffbc
fffffa45
00001b39
ffffff2e
000006de
ffffb2f5
00000a22
00000919
00001146
000010de
00000a21
ffffdf07
00001340
0000102f
000006b6
00001100
ffffdf97
00000493
fffffe7a
00000779
ffffae63
ffffffce
0000180a
0000104e
00001ef9
fffffdfb
fffffdd9
fffff9b8
000013a7
0000000b
000004b7
ffffaed4
00000fb4
0000062d
00001236
00000ff4
000008e1
ffffde4a
00001276
00000fed
000002ff
00000ffe
ffffdf76
0000030f
0000004a
00000916
ffffb321
0000007f
000018cd
00000eed
00001d7e
fffffb13
fffffc3f
fffffd1e
0000100e
fffffdbd
00000335
ffffad47
0000075b
000007a1
000012a7
00000c31
0000099c
ffffdef5
000010f7
000011a0
00000820
00000d66
ffffdbb9
000006f4
0000014a
000008eb
ffffb31a
fffffe7b
0000130b
00000ff0
000014ac
fffffdf3
fffff823
fffffe0d
00000bc4
fffffd1d
00000474
ffffb127
000008dd
0000081a
00000fe8
00000bfb
00000d8b
ffffdc28
00000fb9
00000ec1
0000069b
00000b28
ffffd4d5
0000070e
00000105
00000aed
ffffb713
fffffd82
00000d62
000010ed
00000f10
0000013b
fffff666
000002c3
00000b3c
fffffe6e
00000495
ffffb198
00000a7e
000006b9
00000ffa
00000e2d
00000f1e
ffffdbf1
00000eb5
00000e95
000006c1
00000e30
ffffd43e
00000b70
0000042e
00000c9b
ffffb684
fffffc82
00000d01
00001251
00000dc4
00000218
fffff2f8
00000365
000010d1
fffffd76
00000237
ffffb72a
0000039e
00000528
00000da9
00000c11
00000f3c
ffffe2de
00000add
000008dd
0000073a
00000d82
ffffd294
00000d83
00000853
00000b10
ffffb40f
fffffae9
0000124b
0000160b
00000985
0000068a
fffff78f
fffffdcf
00002306
fffffc41
000004e3
ffffc9a6
fffffec2
000008d7
000007f8
00000ac8
000011ff
fffff09f
000005e7
00000382
000009d2
00000c1a
ffffd4f0
000007a9
000007aa
000007e4
ffffb0ad
fffffe37
00001bd4
00001c2e
00000e5e
00000c8e
000005cd
fffff271
00003511
0000061d
ffffff51
ffffd9fc
00000bb6
0000039c
00000ba1
0000105a
0000111b
0000056f
0000019c
00000c9c
00000745
000012fc
ffffeb50
fffff2f4
00000966
00000872
ffffafc7
00000775
000030e4
00002145
00001ea4
0000051e
00001184
ffffea78
00002275
000009e1
ffffe9be
ffffd06f
000020e4
fffff5c3
00001b69
00000ba8
000001ef
00001583
00000453
00001b44
fffffbef
000017f5
00000b3b
ffffddff
00000c84
000012c1
ffffbfe9
00000c5d
00003c76
00001ba7
000021de
ffffe671
00001542
ffffee11
fffff9b5
ffffec11
ffffda6a
ffffbd8c
00001225
fffffdf3
000027f6
fffff768
fffff2d9
00000b8d
00000ce6
000014d8
fffffa64
0000085c
000007fa
ffffe866
ffffffa4
00001cfd
ffffd1ff
ffffff30
00001d6d
00000f6d
fffffff3
ffffd1b8
000014e4
fffff9fc
ffffea45
ffffc78b
ffffeb05
ffffc693
fffff80f
00001ad0
00002c0e
fffffbc7
000006a9
ffffe9e1
00000df2
0000044c
000005c5
fffffe7f
ffffd95d
00000dd8
ffffec1a
00001d21
ffffcf55
fffff6fd
ffffe3a0
000006d9
ffffdb76
ffffe7f0
0000095c
000012d8
fffff58d
ffffcf9a
fffffd68
ffffd7e8
fffffe38
00001cae
00002cea
00001330
000024f2
ffffd57e
00001298
00001121
00000f0a
0000110a
ffffbaa1
000026f9
ffffed83
000017e9
ffffbb24
fffffb99
ffffcc07
00000574
ffffdda0
00000883
fffff372
000026db
ffffe284
ffffd261
000009eb
ffffcdba
00001ae9
0000040e
00002d9f
00001e46
ffffffbf
ffffa10c
00000ded
fffff645
ffffe712
000014af
ffffb96b
00003923
fffff1ca
00001785
ffffbec9
fffff944
ffffe3de
ffffe364
00001c59
fffffe07
000011e3
000024ec
ffffffaf
0000208e
fffff143
ffffa854
00001cf7
fffffe7f
fffff658
0000095f
00001baa
ffffe4aa
00000d30
fffffd12
ffffe1b6
00000b97
ffffc293
ffffc795
00000612
00000ecf
ffffd130
0000053d
00001a81
000018bb
fffff912
00000ea8
fffffe0d
0000215c
00000e75
fffff18b
00000db7
ffffb1a0
00000600
00000b94
0000137d
0000107b
00000f7e
ffffd91b
0000078b
00000fdb
00000e6e
00000801
ffffcf69
00001b2f
00000664
000004ab
ffffb36f
fffffe2c
000000e6
00001068
00000fab
000000cb
ffffe834
ffffff33
00000642
fffffe37
0000058a
ffffaf97
00000986
000005f7
00000c6d
00000c8a
00001032
ffffdd7b
00000cb0
00000d7f
00000867
00000ab7
ffffcbb4
0000061f
00000734
000008c4
ffffba8a
fffffd36
00000984
00001054
000006f3
00000597
fffff36e
0000098c
000007bc
fffffbdc
0000090f
ffffb088
000008c2
00000963
00000f0d
00000c33
00000e00
ffffdc9b
00000dbe
00000b24
00000a8b
00000a76
ffffccf6
000009db
000006fa
00000966
ffffb60c
fffffb9d
000008fb
000013e3
00000aba
00000435
fffff231
00000682
00000923
fffffcf1
000009d4
ffffaf34
00000ad9
00000bf7
00000b79
00000b2a
00000f9b
ffffe0c1
00000ec8
00000a84
00000acd
0000098a
ffffcc37
000005a1
000006b9
000008a8
ffffb6ac
fffffd80
00000b0f
0000151d
00000a31
00000491
fffff37b
000005bd
000008da
fffffcd4
00000a30
ffffb061
00000c18
00000a49
00000a0a
00000b42
00000fcd
ffffdfed
00000fce
00000c44
00000b9c
00000a3f
ffffccda
000004e7
000005f9
000006da
ffffb854
fffffdd0
00000b17
00001189
00000bc7
00000411
fffff63d
00000601
00000898
fffffc42
00000996
ffffaefa
00000ceb
000008c5
00000cf4
00000b6f
00000f98
ffffdf37
00000fc2
00000df9
00000b1e
000009a3
ffffcf36
000005bc
00000548
000005cd
ffffb835
fffffe9f
00000ccd
000010b9
00000cf7
0000026b
fffff51b
00000506
00000837
fffffc0e
0000086f
ffffaeaa
000009ae
00000970
00000d08
000009e1
00000f20
ffffded9
00001012
00000de3
00000b57
00000963
ffffceed
00000646
00000497
00000679
ffffb8c2
fffffe0b
00000a42
00001032
00000a7e
0000032e
fffff518
00000555
0000081c
fffffc01
000008af
ffffb0da
00000b50
00000963
00000c84
00000c09
00000fdc
ffffdbc1
00000ffc
00000d8a
000009f5
0000099b
ffffce50
000007ab
00000440
000006ff
ffffb9a2
fffffd64
000007fe
00000f86
00000b57
00000353
fffff3fd
00000704
00000988
fffffe5a
000007b1
ffffb174
00000b02
00000896
00000da3
00000ca1
000010a0
ffffdc34
00000de5
00000f09
000009c4
00000b29
ffffcff5
0000077c
00000529
00000808
ffffb77b
fffffe97
0000094f
000010d3
00000c79
00000429
fffff186
000005c0
00000cff
00000524
00000568
ffffb71c
000008d6
00000711
0000092c
00000af3
0000138e
ffffe750
00000c7d
00001359
00000c7b
00000cc2
ffffd195
ffffffff
00000986
00000736
ffffb70b
00000075
00000ae9
00001807
00000790
000006a2
fffff009
0000036f
0000059f
00000379
000004c8
ffffba32
00001179
00000379
00000163
000005e8
00000d1c
ffffeba5
00000f38
00000d22
0000057d
00000757
ffffd4bf
fffff7e6
00000bb3
00000947
ffffc4fc
ffffffea
00000abf
00001729
000007ea
fffffcdc
fffff827
00000264
00000373
fffffaaf
00000915
ffffba8f
00000ae4
000007f8
0000003a
000003c0
000004ce
ffffe748
00000f8c
00000ae0
000009c4
00000584
ffffd7eb
fffffed6
00000959
00000923
ffffc889
fffffee6
0000026d
000011a2
000009d7
fffff756
fffffe2e
fffffef4
00000412
fffff8c5
00000a3e
ffffbc77
00000a42
000007f2
00000330
00000562
000005a7
ffffe32c
00001019
00000c1e
00000aad
000006c0
ffffd6d9
000004a5
0000082b
00000938
ffffc614
fffffe25
ffffffa8
00000f52
00000bc7
fffff8be
fffffd3c
ffffff93
00000520
fffffbba
000008bb
ffffba2d
00000c30
00000748
00000527
000006ee
0000077e
ffffe2e4
000010ec
00000e67
00000a24
00000869
ffffd8b8
0000044d
0000085d
00000a2b
ffffc3fd
fffffe1b
000001c9
00001155
00000ca8
fffff8c3
fffff885
00000024
000006a2
ffffffc7
00000459
ffffba63
000009bb
00000696
00000468
00000670
00000b0d
ffffe7c1
00000f43
00001100
00000a7e
000008db
ffffd936
ffffffe0
000009ef
00000aaf
ffffc38f
fffffe76
000001e1
0000159d
0000061c
fffffab0
fffff3d8
00000106
0000023c
fffffc18
000003a3
ffffc0b3
00000b5e
0000062b
00000224
0000054f
000008c3
ffffe6a6
00000d60
00000b45
00000483
000006d5
ffffd6dd
fffffdec
00000977
00000c0e
ffffc9df
ffffff79
fffffd2b
000012c0
000004c9
fffff939
fffffa4d
00000318
0000037e
fffff8c9
000008e0
ffffc278
00000bb9
000008c9
00000215
0000048c
000006b5
ffffe5d1
00000d9c
00000c08
0000089d
00000605
ffffd7f8
000002e6
0000087f
00000b99
ffffc85c
fffffff6
fffffc17
00001229
00000a1d
fffff7b0
fffffb80
ffffff00
00000483
fffffa74
00000885
ffffc0d9
00000b9e
000006be
0000010e
0000043f
00000484
ffffe5ee
00000efc
00000c06
0000087a
0000064d
ffffda58
00000180
000008e8
00000ac2
ffffc849
fffffefd
00000074
00001117
00000cf0
fffff6b2
fffffe52
fffffd18
000005e7
fffffaa9
000009a0
ffffbcae
00000c52
000007f5
0000020c
00000408
000003ec
ffffe5e2
00000f7c
00000b70
000008ee
000005bd
ffffdbdc
00000130
000007ef
00000a8d
ffffc6bb
ffffff54
000003ad
00001262
00000f04
fffff5c7
fffffd9b
fffffb63
00000251
fffff5f9
000009cf
ffffb589
00000d23
00000995
00000678
000004ed
00000176
ffffde13
00001111
000006cd
0000049e
00000610
ffffd9ff
00000569
000004d4
00000b8c
ffffc6e5
fffffe44
00000359
00000c8b
000011c7
fffff455
ffffffc0
fffffe86
00000807
fffff6b5
00000aed
ffffb19e
0000063c
00000c77
00000c07
000008ca
00000917
ffffdb99
000010a5
00000d1f
00000ccf
0000097e
ffffd4bd
00000ea9
000003a6
000008b0
ffffbb27
fffffd4f
000002bb
00000e40
00000e33
fffffd60
fffff669
ffffffd9
00000a0e
fffffca6
000005b3
ffffb4de
000009d2
0000079a
00000c08
00000b90
000010c3
ffffdcd4
00000f87
00000d77
00000823
00000b0e
ffffd104
00000ad5
0000052c
0000093f
ffffba83
fffffcd4
00000748
00001058
00000a55
0000034a
fffff326
00000462
0000129c
fffffa32
00000348
ffffbc17
00000633
00000634
00000d15
00000b1c
000010c5
ffffe186
00000857
000007fe
0000077f
0000081c
ffffd415
00000c3c
0000062b
0000096c
ffffb866
fffffc0d
00001031
00001342
00000aa6
00000510
fffff770
fffffd2a
00002744
fffffdcb
00000010
ffffcdac
ffffff61
00000631
00000db9
00000d2e
00001436
fffff2ee
fffffdf0
000007de
00000aeb
00000db3
ffffdc61
000004f8
0000089d
00000821
ffffb13a
0000006c
00001dfb
00001a6b
00000e09
00000bf2
00000236
fffff2c8
00002c67
00000a54
fffff3f0
ffffd8d1
00001272
fffffc0c
00001439
00001077
000010ec
000009a0
fffffcfd
000012ad
000001b1
0000189b
fffff2d7
ffffee34
00000dd7
00000d53
ffffb618
000008a5
00003030
00001f62
0000194f
ffffffb8
00000b1f
fffff12c
00001187
000002f6
ffffdf38
ffffcaeb
00001d8f
fffff667
000020d8
00000770
ffffff99
0000143c
0000061a
00001902
fffff751
000012e0
0000085f
ffffdfaa
00000c8c
0000179b
ffffc759
00000585
00003100
00001c64
00000f97
ffffdf46
00000cd5
fffff685
ffffecea
ffffdaa3
ffffdde9
ffffc159
00000912
000009ee
000027c3
fffff774
fffff948
0000010a
00001024
00000a14
fffffc53
ffffff38
fffff4dd
fffff4f6
fffffa49
00002083
ffffd5f7
fffff8c2
00000548
00000e1c
ffffea6f
ffffd593
00000ecf
00000532
ffffe6d1
ffffc268
fffff787
ffffcf1e
fffffa26
0000217a
00002b12
000003e4
00000fa9
ffffde13
00001302
00000267
00000c89
00000412
ffffc8f4
00001d59
ffffec22
00001d3e
ffffc993
fffff68b
ffffd339
000002a9
ffffd8d3
fffff2ec
000005ef
00001d02
fffffa2b
ffffd595
00000206
ffffd787
000004a9
00001680
00002afb
00001a97
00002560
ffffd13f
0000141b
00000f98
00000d8a
00001413
ffffb831
00002a3f
fffff31b
00001187
ffffb13c
fffff877
ffffdade
000006c0
ffffea55
00000bac
fffff2cd
00002395
000004d2
fffff3f3
000000af
ffffc594
000012bf
00000688
00001d67
00001511
00002157
ffffd993
00001a0c
00001841
0000086f
00001402
ffffc848
00001882
fffffe75
00000ebd
ffffb176
fffffa29
fffff829
0000105b
0000005d
000007bf
ffffe924
000013f2
ffffea00
ffffe585
00000bc4
ffffb5a3
00001837
00000379
00001948
0000125a
fffff07b
ffffaa17
00000cfa
fffff20a
ffffe555
00000bab
ffffcc5d
0000226f
fffff7be
00001383
ffffc778
fffffcf4
fffffd28
ffffea22
00002b3d
fffff4d3
000015c8
00000fce
ffffdeef
00001772
ffffdf6f
ffff8f3f
00000152
fffff9e9
00000cee
fffffccd
00002569
ffffe689
00000070
000008d2
ffffef8c
00000c7d
ffffa881
ffffe576
000012d1
00000c09
ffffcb3d
00000398
00000784
000013d8
ffffc8f3
0000229f
ffffe4e4
0000343c
ffffde7e
ffffe911
00000eb4
ffffb04d
00000d04
00001017
000016b2
000004c1
0000338c
ffffd3ac
fffff776
00000d46
00000fb0
fffffab7
ffff9582
000028ce
00000be2
000006ad
ffffc527
00000594
ffffde1f
0000145f
ffffd7cf
00002180
ffffcd05
000026f5
ffffdf92
fffff79e
000001c3
ffffa569
00000b06
000008b3
000015e4
0000048b
00003097
ffffd865
fffffe32
00000fa9
00000bd4
00000221
ffff9c6b
00001809
00000cf5
000009b3
ffffc2a6
000001b5
ffffed25
000013a8
ffffd4d8
0000223e
ffffd35c
00002b65
ffffe040
fffff677
000002f8
ffffa6c1
00000a9d
00000a26
00001865
000005cc
000030f0
ffffd7ea
fffffd14
00000f34
00000bf6
00000365
ffff9c73
00001917
00000c9d
00000a8f
ffffbfe6
000001fd
ffffec07
00001704
ffffd5b1
0000222f
ffffd13e
00002b67
ffffdfea
fffff778
000002e1
ffffa5aa
00000ac2
00000ade
000017b9
000005a4
00003120
ffffdad4
fffffd55
00000f20
00000b6f
000003a7
ffff9b08
000016bb
00000e69
00000a3b
ffffbfea
00000337
ffffec67
00001851
ffffd3de
00002281
ffffd10f
00002c24
ffffdd5c
fffff642
00000429
ffffa600
00000b57
000009f8
000014a2
0000052e
00002f6f
ffffdad1
ffffffa3
00000e1d
00000d01
00000286
ffff9987
00001762
0000100f
00000925
ffffc25c
0000010f
ffffeae4
000016d2
ffffd284
000020fd
ffffd270
00002cde
ffffdc24
fffff441
00000697
ffffa5f3
00000b5a
00000a00
000012d8
000004b2
00002e76
ffffd8b6
000000c8
00000cee
00000e7a
00000100
ffff98e6
000019e9
00000fce
00000866
ffffc3f0
ffffff6b
ffffe928
0000153e
ffffd339
0000200b
ffffd37e
00002c34
ffffdd69
fffff5c7
000006e8
ffffa635
00000b35
00000a4a
000012e6
00000540
00002f4d
ffffd85c
000000b2
00000eef
00000fbc
00000275
ffff997a
00001af3
00000fd8
00000890
ffffc2fd
00000020
ffffe83d
0000154f
ffffd3f0
00002138
ffffd23e
00002c35
ffffdd42
fffff742
00000479
ffffa729
00000bbe
00000864
00001272
000004fa
00002f31
ffffd7e4
00000002
00000f85
00000d06
00000296
ffff9abd
00001955
00000f40
0000092e
ffffc3cc
0000006e
ffffe94a
00001535
ffffd4ae
000020d5
ffffd268
00002bd5
ffffde47
fffff67f
000004bb
ffffa5d3
00000b84
000009d4
000013cf
00000417
00002f4a
ffffd83e
fffffe9e
00000e65
00000c58
000000be
ffff9bf9
000018f6
00000e5c
000009b7
ffffc3bf
00000189
ffffea24
000016e3
ffffd527
0000201f
ffffd0ea
00002a3a
ffffe07f
fffff8d0
0000026a
ffff9fa8
00000bf6
00000c52
00001712
000004a3
0000365b
ffffe031
fffffd27
00001110
00000fa8
00000187
ffff9bb6
000013c9
0000109e
0000095d
ffffc176
00000361
ffffebc3
00001e06
ffffcc4a
000021a5
ffffc750
00002d59
ffffda17
fffff47d
fffffc54
ffffa529
000008b6
00000a6a
000017e3
00000414
00003791
ffffe139
fffffa0d
00000dd9
00000b83
00000330
ffff9476
000011f8
000011ef
0000097c
ffffc7f5
000002e2
ffffe145
00001840
ffffbfa3
00002423
ffffcbbb
0000374a
ffffd66a
ffffecd5
000000a1
ffffae7c
00000a8e
000009b2
00001900
0000053a
00003861
ffffdcb0
fffff8d7
00000d9f
00000de5
00000275
ffff8ef8
00001ceb
0000121d
00000854
ffffca47
000000da
ffffd6df
000013af
ffffbf8b
000024b4
ffffcc40
00003985
ffffd65d
ffffed3e
0000018e
ffffafe1
00000b70
000008ce
00001877
000004a0
000036b8
ffffdb3d
fffff919
00000e33
00000e5c
00000242
ffff908a
00001ea9
000011f2
000008f5
ffffca92
0000005d
ffffd6d2
00001328
ffffc2c4
000023cb
ffffccaf
000037af
ffffd6e2
ffffee0b
00000147
ffffadc1
00000bb1
0000095d
000017b9
00000315
00003551
ffffdad4
fffff94e
00000d9d
00000d48
0000013a
ffff932f
00001d6c
00001097
00000a07
ffffcb04
000000be
ffffd8f4
00001406
ffffc4fb
00002244
ffffccef
0000353c
ffffd9ad
ffffefcb
ffffffbd
ffffaa0f
00000b1e
00000b66
000019b4
000003a7
000038fc
ffffdd71
fffff7e7
00000f35
00000e2d
000001a0
ffff944e
00001aff
0000104a
000009df
ffffc91b
0000027d
ffffda87
0000177d
ffffc22a
00002367
ffffc7cd
000035ae
ffffd7e6
ffffef0b
fffffc0d
ffffad86
000008bf
00000a3e
00001b2c
00000450
00003ae0
ffffdd9f
fffff588
00000e9e
00000a8a
000003b8
ffff90ff
00001932
00000ffa
00000a34
ffffca57
000003ca
ffffd69b
00001530
ffffbd2a
00002610
ffffc9d4
00003a14
ffffd68e
ffffec35
fffffe71
ffffb0a9
00000b6f
00000a04
00001c2c
000004df
00003ab9
ffffdd52
fffff699
00000e61
00000b6f
00000256
ffff8f46
00001d46
00001110
00000991
ffffca94
000002e4
ffffd49d
00001525
ffffbdff
0000250f
ffffc941
00003a29
ffffd5cd
ffffec94
ffffff08
ffffb0e4
00000aad
000009d6
000019a4
00000451
000038fc
ffffdd8f
fffff6d3
00000e82
00000d11
000001d5
ffff9027
00001c59
000011a0
0000098b
ffffcbdd
00000248
ffffd4c1
00001486
ffffbe1e
00002424
ffffcabc
0000396e
ffffd4d9
ffffec8a
ffffffd8
ffffb190
00000b7a
00000932
00001908
00000355
00003786
ffffdd1d
fffff724
00000dec
00000cf0
00000155
ffff9101
00001c88
000011e4
000009c3
ffffcc95
000001fa
ffffd549
000013df
ffffbffb
0000234b
ffffcc83
00003833
ffffd3e4
ffffe9c2
000002b3
ffffb4ef
00000938
00000927
000016a6
0000022b
00002fe2
ffffd665
fffff797
000009c0
00000a5a
000000bc
ffff915c
0000207f
00000f51
00000a81
ffffcdcc
000000f6
ffffd48b
00000e0c
ffffc83f
00002218
ffffd5fe
000034d1
ffffdacc
ffffee9d
000008a3
ffffaf72
00000c86
00000a7e
000016a3
0000038a
00002fee
ffffd63b
fffff9d6
00000d96
00000fe7
000000cd
ffff96af
0000230c
00000fe6
00000950
ffffc6b2
00000161
ffffde24
000012b5
ffffd341
000021ce
ffffd138
00002d3f
ffffde73
fffff69d
00000156
ffffaaf6
00000b72
00000840
0000156a
000003a4
00002f3e
ffffda9b
fffff89f
0000101d
00000cd3
0000018b
ffff9cc7
00001829
00000ffa
000009c4
ffffc5aa
000002e6
ffffe8e8
00001513
ffffd362
00002173
ffffd199
00002be3
ffffe095
fffff918
fffff96c
ffffb45a
00000be9
00000575
00001825
00000772
000032e6
ffffe12a
fffff18a
00001767
00000bf6
fffffe93
ffffa1f0
000010e0
00001024
00000991
ffffc626
000005d6
ffffee5d
000017f7
ffffcf39
000020db
ffffcf88
00002c41
ffffdc1b
fffffe3e
ffffea26
ffffbd47
000012c7
0000004d
00001c37
0000069f
00003a82
fffff576
ffffec4c
0000247e
00000cec
fffff8b2
ffffacb9
fffffe90
00001209
00000f14
ffffcb13
0000086c
fffff716
000023ae
ffffbfb2
00001997
ffffc6a7
00002da2
ffffc57c
ffffef35
ffffdb7e
ffffbe8a
00001600
00000333
00001df3
fffff996
00003628
00000043
fffff06b
00001b60
000005a3
ffffebb8
ffffb0f5
fffff049
00000b0d
00001b56
ffffdf1c
000002f3
ffffeeb3
0000257b
ffffa597
000007c7
ffffcdab
00003423
ffffb6ac
ffffcb30
ffffe505
ffffc104
0000094f
000017ef
000024bd
fffff75e
0000331d
ffffebbb
fffff6e1
000006a4
000006cb
ffffe90e
ffff9f9d
00000830
fffff930
000020d9
ffffe4e8
fffffbdf
ffffcaae
000016ee
ffff9684
0000055d
ffffda92
00003fbc
ffffc1c8
ffffc180
fffff77a
ffffcd84
ffffffda
00001f36
0000302e
00000a3a
00003d6c
ffffd16b
fffffb2d
00000943
00000fbf
fffffde8
ffff8847
00002f2b
fffff46a
00001a54
ffffce2b
fffffc3d
ffffb185
00000842
ffffa132
00001ccd
ffffda03
00004bbc
ffffd220
ffffd822
ffffff46
ffffcac1
00000c11
00000e8b
00002fb5
000014a9
00004089
ffffccbd
000000b4
000013a4
00000f04
00000a0b
ffff889a
000035ff
000000e2
000011e8
ffffba72
fffffc53
ffffc801
00000d06
ffffbe89
0000274f
ffffd0a2
000044a1
ffffdadd
ffffef0f
00000089
ffffb585
0000118a
00000836
000020a5
00000b95
000035e8
ffffd6f1
000001a3
000014b2
00000d36
000005a9
ffff9947
0000220d
00000a36
00000eb3
ffffbc4f
ffffff12
ffffe54e
0000173f
ffffd11b
000020ee
ffffcf0d
00003244
ffffdb06
fffff9ff
ffffff9e
ffffa8ca
00000dea
000008bf
000014c0
ffffff81
00002f19
ffffdd5c
fffffead
0000134b
00000e2d
00000441
ffffa13f
000015b2
00000e47
00000f5d
ffffc6b4
0000035a
ffffe7bb
00001711
ffffd1be
00001f13
ffffd121
00002b74
ffffd45e
ffffe080
00000a75
ffffbe1f
fffffee1
0000089c
00001050
ffffff28
00000e1b
ffffb489
fffff6df
fffff178
fffff5ad
fffffcf4
ffff97ab
00002a7e
00000163
00000cac
ffffcd75
fffffec7
ffffdf7b
fffff497
fffff2da
00001e01
00000435
0000234c
